FB,19,9.9963722229,0.00555354012383,PRAISE,POSITIVE,REFUSED,SUPERVISED
FB,19,27.9953727722,0.0155529848735,PRAISE,POSITIVE,VALIDATED,SUPERVISED
FB,19,39.996459960900005,0.022220255533900002,PRAISE,POSITIVE,REFUSED,SUPERVISED
FB,19,52.9961891174,0.029442327287499997,PRAISE,POSITIVE,REFUSED,SUPERVISED
FB,19,58.9962997437,0.0327757220798,MAINTAIN,POSITIVE,UNPROMPTED,SUPERVISED
FB,19,68.9963607788,0.038331311543800005,PRAISE,POSITIVE,REFUSED,SUPERVISED
FB,19,87.9964370728,0.0488869094849,MAINTAIN,POSITIVE,VALIDATED,SUPERVISED
FB,19,104.996391296,0.058331328498,PRAISE,POSITIVE,REFUSED,SUPERVISED
FB,19,120.996398926,0.0672202216254,MAINTAIN,POSITIVE,REFUSED,SUPERVISED
FB,19,136.99623107899998,0.0761090172662,MAINTAIN,POSITIVE,REFUSED,SUPERVISED
FB,19,154.996200562,0.08610900031199999,MAINTAIN,POSITIVE,REFUSED,SUPERVISED
FB,19,166.996292114,0.0927757178413,PRAISE,POSITIVE,UNPROMPTED,SUPERVISED
FB,19,169.996459961,0.0944424777561,MAINTAIN,POSITIVE,VALIDATED,SUPERVISED
FB,19,183.99639892599998,0.102220221625,MAINTAIN,POSITIVE,REFUSED,SUPERVISED
FB,19,196.995773315,0.10944209628599999,MAINTAIN,POSITIVE,REFUSED,SUPERVISED
FB,19,209.99630737299998,0.116664615207,MAINTAIN,POSITIVE,REFUSED,SUPERVISED
FB,19,212.995956421,0.1183310869,PRAISE,POSITIVE,UNPROMPTED,SUPERVISED
FB,19,222.99635314900002,0.12388686286100001,MAINTAIN,POSITIVE,REFUSED,SUPERVISED
FB,19,235.996231079,0.131109017266,PRAISE,POSITIVE,REFUSED,SUPERVISED
FB,19,252.99621582,0.140553453234,PRAISE,POSITIVE,REFUSED,SUPERVISED
FB,19,268.996276855,0.149442376031,PRAISE,POSITIVE,VALIDATED,SUPERVISED
FB,19,273.996429443,0.15222023858,SYMPATHISE,SYMPATHETIC,UNPROMPTED,SUPERVISED
FB,19,287.995697021,0.159997609456,CHALLENGE,SYMPATHETIC,VALIDATED,SUPERVISED
FB,19,301.99621582,0.167775675456,CHALLENGE,SYMPATHETIC,REFUSED,SUPERVISED
FB,19,314.996307373,0.174997948541,SYMPATHISE,SYMPATHETIC,REFUSED,SUPERVISED
FB,19,331.996276855,0.18444237603100003,CHALLENGE,SYMPATHETIC,REFUSED,SUPERVISED
FB,19,348.99630737300004,0.19388683742899998,CHALLENGE,SYMPATHETIC,REFUSED,SUPERVISED
FB,19,362.996337891,0.201664632161,PRAISE,SYMPATHETIC,UNPROMPTED,SUPERVISED
FB,19,367.996276855,0.20444237603100002,CHALLENGE,SYMPATHETIC,VALIDATED,SUPERVISED
FB,19,384.996276855,0.213886820475,PRAISE,SYMPATHETIC,REFUSED,SUPERVISED
FB,19,397.99630737300004,0.221109059652,PRAISE,SYMPATHETIC,REFUSED,SUPERVISED
FB,19,415.996337891,0.231109076606,PRAISE,SYMPATHETIC,REFUSED,SUPERVISED
FB,19,433.99630737300004,0.241109059652,PRAISE,SYMPATHETIC,REFUSED,SUPERVISED
FB,19,451.99630737300004,0.251109059652,PRAISE,SYMPATHETIC,REFUSED,SUPERVISED
FB,19,470.99624633800005,0.261664581299,PRAISE,SYMPATHETIC,REFUSED,SUPERVISED
FB,19,482.996490479,0.268331383599,PRAISE,SYMPATHETIC,VALIDATED,SUPERVISED
FB,19,497.996337891,0.276664632161,PRAISE,SYMPATHETIC,REFUSED,SUPERVISED
FB,19,514.996276855,0.286109042697,PRAISE,SYMPATHETIC,REFUSED,SUPERVISED
FB,19,523.996398926,0.29110911051399996,TIME,POSITIVE,UNPROMPTED,SUPERVISED
FB,19,525.996276855,0.292220153809,SYMPATHISE,SYMPATHETIC,REFUSED,SUPERVISED
FB,19,527.996398926,0.29333133273699996,TIME,POSITIVE,UNPROMPTED,SUPERVISED
FB,19,543.99621582,0.3022201199,TIME,POSITIVE,REFUSED,SUPERVISED
FB,19,559.9963378909999,0.311109076606,TIME,POSITIVE,REFUSED,SUPERVISED
FB,19,576.995910645,0.320553283691,TIME,POSITIVE,REFUSED,SUPERVISED
FB,19,579.99621582,0.3222201199,PRAISE,POSITIVE,UNPROMPTED,SUPERVISED
FB,19,590.996398926,0.328331332737,TIME,POSITIVE,REFUSED,SUPERVISED
FB,19,607.996276855,0.337775709364,TIME,POSITIVE,REFUSED,SUPERVISED
FB,19,626.9963378909999,0.34833129882799996,PRAISE,POSITIVE,REFUSED,SUPERVISED
FB,19,644.995605469,0.35833089192699996,PRAISE,POSITIVE,REFUSED,SUPERVISED
FB,19,657.996154785,0.36555341932499996,TIME,POSITIVE,REFUSED,SUPERVISED
FB,19,671.99621582,0.37333123101099996,TIME,POSITIVE,REFUSED,SUPERVISED
FB,19,688.9956665039999,0.38277537028,TIME,POSITIVE,REFUSED,SUPERVISED
FB,19,707.996337891,0.393331298828,PRAISE,POSITIVE,VALIDATED,SUPERVISED
FB,19,711.996032715,0.395553351508,CHALLENGE,SYMPATHETIC,UNPROMPTED,SUPERVISED
FB,19,719.9963989260001,0.399997999403,CHALLENGE,SYMPATHETIC,REFUSED,SUPERVISED
FB,19,728.9963989260001,0.404997999403,PRAISE,SYMPATHETIC,UNPROMPTED,SUPERVISED
FB,19,732.99621582,0.4072201199,PRAISE,SYMPATHETIC,REFUSED,SUPERVISED
FB,19,747.9963989260001,0.415553554959,PRAISE,SYMPATHETIC,REFUSED,SUPERVISED
FB,19,754.996459961,0.419442477756,PRAISE,SYMPATHETIC,UNPROMPTED,SUPERVISED
FB,19,759.99621582,0.4222201199,PRAISE,SYMPATHETIC,REFUSED,SUPERVISED
FB,19,771.996276855,0.428886820475,PRAISE,SYMPATHETIC,REFUSED,SUPERVISED
FB,19,785.9963989260001,0.43666466607,PRAISE,SYMPATHETIC,REFUSED,SUPERVISED
FB,19,803.995727539,0.446664293077,PRAISE,SYMPATHETIC,REFUSED,SUPERVISED
FB,19,817.9957885739999,0.454442104763,PRAISE,SYMPATHETIC,REFUSED,SUPERVISED
FB,19,835.996337891,0.464442409939,PRAISE,SYMPATHETIC,REFUSED,SUPERVISED
FB,19,853.9956665039999,0.47444203694700005,PRAISE,SYMPATHETIC,REFUSED,SUPERVISED
FB,19,872.996337891,0.484997965495,PRAISE,SYMPATHETIC,VALIDATED,SUPERVISED
FB,19,887.996337891,0.493331298828,PRAISE,SYMPATHETIC,REFUSED,SUPERVISED
FB,19,906.99609375,0.50388671875,PRAISE,SYMPATHETIC,REFUSED,SUPERVISED
FB,19,924.995422363,0.513886345757,PRAISE,SYMPATHETIC,REFUSED,SUPERVISED
FB,19,943.996337891,0.524442409939,PRAISE,SYMPATHETIC,REFUSED,SUPERVISED
FB,19,962.9963989260001,0.5349979994030001,PRAISE,SYMPATHETIC,VALIDATED,SUPERVISED
FB,19,967.996337891,0.5377757432729999,CHALLENGE,CHALLENGING,UNPROMPTED,SUPERVISED
FB,19,975.996276855,0.542220153809,CHALLENGE,CHALLENGING,REFUSED,SUPERVISED
FB,19,989.996276855,0.5499979315860001,PRAISE,SYMPATHETIC,VALIDATED,SUPERVISED
FB,19,1002.99633789,0.557220187717,PRAISE,SYMPATHETIC,REFUSED,SUPERVISED
FB,19,1017.99621582,0.565553453234,PRAISE,SYMPATHETIC,REFUSED,SUPERVISED
FB,19,1020.99615479,0.567220085992,PRAISE,POSITIVE,UNPROMPTED,SUPERVISED
FB,19,1030.99621582,0.5727756754559999,PRAISE,SYMPATHETIC,REFUSED,SUPERVISED
FB,19,1043.99633789,0.579997965495,PRAISE,SYMPATHETIC,REFUSED,SUPERVISED
FB,19,1062.99633789,0.5905535210499999,PRAISE,SYMPATHETIC,REFUSED,SUPERVISED
FB,19,1079.99633789,0.5999979654950001,PRAISE,POSITIVE,VALIDATED,SUPERVISED
FB,19,1084.99633789,0.602775743273,TIME,POSITIVE,UNPROMPTED,SUPERVISED
FB,19,1092.99621582,0.6072201199,TIME,POSITIVE,REFUSED,SUPERVISED
FB,19,1111.99633789,0.617775743273,PRAISE,POSITIVE,VALIDATED,SUPERVISED
FB,19,1114.99560547,0.619442003038,MAINTAIN,POSITIVE,UNPROMPTED,SUPERVISED
FB,19,1124.99633789,0.6249979654950001,TIME,POSITIVE,REFUSED,SUPERVISED
FB,19,1139.99633789,0.633331298828,PRAISE,POSITIVE,REFUSED,SUPERVISED
FB,19,1154.99645996,0.641664699978,PRAISE,POSITIVE,REFUSED,SUPERVISED
FB,19,1171.99633789,0.651109076606,PRAISE,POSITIVE,REFUSED,SUPERVISED
FB,19,1189.99621582,0.661109008789,PRAISE,SYMPATHETIC,REFUSED,SUPERVISED
FB,19,1207.99633789,0.671109076606,PRAISE,SYMPATHETIC,REFUSED,SUPERVISED
FB,19,1225.99633789,0.6811090766060001,PRAISE,SYMPATHETIC,VALIDATED,SUPERVISED
FB,19,1235.99633789,0.686664632161,CHALLENGE,SYMPATHETIC,UNPROMPTED,SUPERVISED
FB,19,1238.99645996,0.6883313666449999,PRAISE,SYMPATHETIC,REFUSED,SUPERVISED
FB,19,1257.99633789,0.698886854384,CHALLENGE,SYMPATHETIC,REFUSED,SUPERVISED
FB,19,1272.99633789,0.7072201877169999,SYMPATHISE,SYMPATHETIC,REFUSED,SUPERVISED
FB,19,1288.99633789,0.7161090766060001,SYMPATHISE,SYMPATHETIC,REFUSED,SUPERVISED
FB,19,1291.99523926,0.7177751329209999,PRAISE,POSITIVE,UNPROMPTED,SUPERVISED
FB,19,1293.99633789,0.718886854384,CHALLENGE,CHALLENGING,UNPROMPTED,SUPERVISED
FB,19,1300.99633789,0.722775743273,PRAISE,SYMPATHETIC,REFUSED,SUPERVISED
FB,19,1301.99658203,0.723331434462,GET_CLOSER,CHALLENGING,UNPROMPTED,SUPERVISED
FB,19,1311.99633789,0.728886854384,GET_CLOSER,CHALLENGING,REFUSED,SUPERVISED
FB,19,1324.99572754,0.7361087375220001,GET_CLOSER,CHALLENGING,REFUSED,SUPERVISED
FB,19,1336.99633789,0.742775743273,GET_CLOSER,CHALLENGING,REFUSED,SUPERVISED
FB,19,1348.99633789,0.749442409939,GET_CLOSER,CHALLENGING,REFUSED,SUPERVISED
FB,19,1360.99633789,0.756109076606,GET_CLOSER,CHALLENGING,REFUSED,SUPERVISED
FB,19,1374.99633789,0.7638868543840001,GET_CLOSER,CHALLENGING,REFUSED,SUPERVISED
FB,19,1381.99633789,0.767775743273,PRAISE,POSITIVE,UNPROMPTED,SUPERVISED
FB,19,1384.99633789,0.769442409939,TIME,SYMPATHETIC,UNPROMPTED,SUPERVISED
FB,19,1386.99621582,0.770553453234,PRAISE,POSITIVE,REFUSED,SUPERVISED
FB,19,1392.99621582,0.773886786567,TIME,CHALLENGING,UNPROMPTED,SUPERVISED
FB,19,1401.99536133,0.778886311849,PRAISE,POSITIVE,UNPROMPTED,SUPERVISED
FB,19,1403.99609375,0.7799978298610001,TIME,SYMPATHETIC,REFUSED,SUPERVISED
FB,19,1417.99633789,0.7877757432729999,PRAISE,POSITIVE,REFUSED,SUPERVISED
FB,19,1429.99633789,0.7944424099390001,PRAISE,POSITIVE,REFUSED,SUPERVISED
FB,19,1431.99633789,0.79555352105,TIME,CHALLENGING,UNPROMPTED,SUPERVISED
FB,19,1436.99536133,0.798330756293,TIME,SYMPATHETIC,UNPROMPTED,SUPERVISED
FB,19,1441.99621582,0.801109008789,TIME,SYMPATHETIC,REFUSED,SUPERVISED
FB,19,1445.99633789,0.803331298828,TIME,CHALLENGING,UNPROMPTED,SUPERVISED
FB,19,1457.99633789,0.809997965495,TIME,SYMPATHETIC,REFUSED,SUPERVISED
FB,19,1459.99633789,0.8111090766060001,PRAISE,SYMPATHETIC,UNPROMPTED,SUPERVISED
FB,19,1466.99633789,0.814997965495,PRAISE,POSITIVE,UNPROMPTED,SUPERVISED
FB,19,1469.99633789,0.816664632161,PRAISE,POSITIVE,REFUSED,SUPERVISED
FB,19,1481.99645996,0.823331366645,PRAISE,SYMPATHETIC,REFUSED,SUPERVISED
FB,19,1497.99633789,0.8322201877169999,WALK,POSITIVE,PASSIVE_ACCEPTED,SUPERVISED
FB,19,1510.99584961,0.839442138672,PRAISE,SYMPATHETIC,VALIDATED,SUPERVISED
FB,19,1516.99560547,0.842775336372,ANIMATION,POSITIVE,UNPROMPTED,SUPERVISED
FB,19,1522.99633789,0.8461090766060001,ANIMATION,POSITIVE,REFUSED,SUPERVISED
FB,19,1542.99621582,0.8572201198999999,ANIMATION,POSITIVE,VALIDATED,SUPERVISED
FB,19,1554.99633789,0.863886854384,ANIMATION,POSITIVE,REFUSED,SUPERVISED
FB,19,1556.99609375,0.864997829861,CHECKPRE,SYMPATHETIC,UNPROMPTED,SUPERVISED
FB,19,1566.99621582,0.870553453234,ANIMATION,POSITIVE,UNPROMPTED,SUPERVISED
FB,19,1568.99621582,0.871664564345,CHECKPRE,SYMPATHETIC,REFUSED,SUPERVISED
FB,19,1581.99621582,0.878886786567,ANIMATION,POSITIVE,REFUSED,SUPERVISED
FB,19,1596.99621582,0.8872201198999999,ANIMATION,POSITIVE,REFUSED,SUPERVISED
FB,19,1608.99609375,0.89388671875,ANIMATION,POSITIVE,REFUSED,SUPERVISED
FB,19,1626.99584961,0.903886583116,ANIMATION,POSITIVE,REFUSED,SUPERVISED
FB,19,1640.99633789,0.911664632161,ANIMATION,POSITIVE,REFUSED,SUPERVISED
FB,19,1660.99633789,0.9227757432729999,ANIMATION,POSITIVE,PASSIVE_ACCEPTED,SUPERVISED
FB,19,1675.99633789,0.9311090766060001,ANIMATION,POSITIVE,REFUSED,SUPERVISED
FB,19,1680.99633789,0.933886854384,SYMPATHISE,SYMPATHETIC,UNPROMPTED,SUPERVISED
FB,19,1688.99621582,0.938331231011,CHALLENGE,SYMPATHETIC,REFUSED,SUPERVISED
FB,19,1703.99633789,0.946664632161,CHALLENGE,SYMPATHETIC,REFUSED,SUPERVISED
FB,19,1721.99621582,0.9566645643449999,SYMPATHISE,SYMPATHETIC,REFUSED,SUPERVISED
FB,19,1734.99621582,0.963886786567,CHALLENGE,SYMPATHETIC,REFUSED,SUPERVISED
FB,20,10.9988660812,0.006110481156239999,PRAISE,POSITIVE,PASSIVE_ACCEPTED,SUPERVISED
FB,20,23.998805999800002,0.0133326699999,PRAISE,POSITIVE,REFUSED,SUPERVISED
FB,20,31.998823165900003,0.0177771239811,MAINTAIN,POSITIVE,UNPROMPTED,SUPERVISED
FB,20,38.9978790283,0.0216654883491,PRAISE,POSITIVE,REFUSED,SUPERVISED
FB,20,58.9989128113,0.032777173784,MAINTAIN,POSITIVE,PASSIVE_ACCEPTED,SUPERVISED
FB,20,78.9987869263,0.043888214959000006,MAINTAIN,POSITIVE,PASSIVE_ACCEPTED,SUPERVISED
FB,20,91.99884033200001,0.051110466851099996,MAINTAIN,POSITIVE,REFUSED,SUPERVISED
FB,20,108.99878692600001,0.0605548816257,MAINTAIN,POSITIVE,REFUSED,SUPERVISED
FB,20,123.99877166700001,0.06888820648189999,PRAISE,POSITIVE,UNPROMPTED,SUPERVISED
FB,20,126.99879455600001,0.0705548858643,MAINTAIN,POSITIVE,VALIDATED,SUPERVISED
FB,20,141.997955322,0.0788877529568,MAINTAIN,POSITIVE,REFUSED,SUPERVISED
FB,20,155.997894287,0.0866654968262,MAINTAIN,POSITIVE,REFUSED,SUPERVISED
FB,20,174.998855591,0.09722158643930001,MAINTAIN,POSITIVE,REFUSED,SUPERVISED
FB,20,194.997879028,0.10833215501599999,MAINTAIN,POSITIVE,REFUSED,SUPERVISED
FB,20,212.99830627400002,0.11833239237500001,PRAISE,POSITIVE,REFUSED,SUPERVISED
FB,20,230.997909546,0.12833217197000002,PRAISE,POSITIVE,REFUSED,SUPERVISED
FB,20,247.998748779,0.137777082655,PRAISE,POSITIVE,VALIDATED,SUPERVISED
FB,20,263.998840332,0.146666022407,MAINTAIN,POSITIVE,REFUSED,SUPERVISED
FB,20,278.998809814,0.154999338786,PRAISE,POSITIVE,VALIDATED,SUPERVISED
FB,20,286.998840332,0.159443800184,CHALLENGE,SYMPATHETIC,UNPROMPTED,SUPERVISED
FB,20,293.998779297,0.163332655165,SYMPATHISE,SYMPATHETIC,REFUSED,SUPERVISED
FB,20,310.99887085,0.172777150472,SYMPATHISE,SYMPATHETIC,REFUSED,SUPERVISED
FB,20,328.998840332,0.18277713351799998,SYMPATHISE,SYMPATHETIC,REFUSED,SUPERVISED
FB,20,333.997894287,0.185554385715,PRAISE,SYMPATHETIC,UNPROMPTED,SUPERVISED
FB,20,345.998809814,0.192221561008,PRAISE,SYMPATHETIC,REFUSED,SUPERVISED
FB,20,364.997924805,0.202776624891,PRAISE,SYMPATHETIC,REFUSED,SUPERVISED
FB,20,377.998809814,0.20999933878600002,PRAISE,SYMPATHETIC,REFUSED,SUPERVISED
FB,20,395.998840332,0.21999935574,PRAISE,SYMPATHETIC,VALIDATED,SUPERVISED
FB,20,408.997924805,0.227221069336,PRAISE,SYMPATHETIC,REFUSED,SUPERVISED
FB,20,423.998809814,0.235554894341,SYMPATHISE,SYMPATHETIC,REFUSED,SUPERVISED
FB,20,441.998809814,0.24555489434099997,PRAISE,SYMPATHETIC,REFUSED,SUPERVISED
FB,20,458.998443604,0.254999135335,TIME,POSITIVE,REFUSED,SUPERVISED
FB,20,474.998443604,0.26388802422400004,TIME,POSITIVE,REFUSED,SUPERVISED
FB,20,483.998809814,0.268888227675,PRAISE,SYMPATHETIC,UNPROMPTED,SUPERVISED
FB,20,485.998840332,0.26999935574,PRAISE,SYMPATHETIC,REFUSED,SUPERVISED
FB,20,487.997924805,0.271109958225,TIME,POSITIVE,UNPROMPTED,SUPERVISED
FB,20,491.998809814,0.273332672119,CHALLENGE,SYMPATHETIC,UNPROMPTED,SUPERVISED
FB,20,500.998840332,0.278332689073,SYMPATHISE,SYMPATHETIC,REFUSED,SUPERVISED
FB,20,518.9987792969999,0.288332655165,CHALLENGE,SYMPATHETIC,REFUSED,SUPERVISED
FB,20,532.998352051,0.29611019558400004,SYMPATHISE,SYMPATHETIC,REFUSED,SUPERVISED
FB,20,550.998840332,0.306110466851,PRAISE,POSITIVE,VALIDATED,SUPERVISED
FB,20,555.998840332,0.308888244629,CHALLENGE,CHALLENGING,UNPROMPTED,SUPERVISED
FB,20,562.998535156,0.31277696397599997,CHALLENGE,CHALLENGING,REFUSED,SUPERVISED
FB,20,578.99786377,0.321665479872,PRAISE,POSITIVE,VALIDATED,SUPERVISED
FB,20,585.99810791,0.325554504395,TIME,POSITIVE,UNPROMPTED,SUPERVISED
FB,20,590.998840332,0.328332689073,PRAISE,POSITIVE,REFUSED,SUPERVISED
FB,20,602.998840332,0.33499935574,TIME,POSITIVE,REFUSED,SUPERVISED
FB,20,620.998840332,0.34499935574,TIME,POSITIVE,REFUSED,SUPERVISED
FB,20,635.998840332,0.35333268907300003,TIME,POSITIVE,REFUSED,SUPERVISED
FB,20,650.99786377,0.361665479872,TIME,POSITIVE,REFUSED,SUPERVISED
FB,20,662.9987792969999,0.368332655165,TIME,POSITIVE,REFUSED,SUPERVISED
FB,20,677.9987792969999,0.376665988498,TIME,POSITIVE,REFUSED,SUPERVISED
FB,20,691.9987792969999,0.384443766276,TIME,POSITIVE,REFUSED,SUPERVISED
FB,20,706.998840332,0.39277713351800003,PRAISE,POSITIVE,REFUSED,SUPERVISED
FB,20,723.99822998,0.402221238878,PRAISE,POSITIVE,REFUSED,SUPERVISED
FB,20,740.9987792969999,0.41166598849799996,PRAISE,POSITIVE,VALIDATED,SUPERVISED
FB,20,760.998840332,0.422777133518,PRAISE,SYMPATHETIC,VALIDATED,SUPERVISED
FB,20,765.998840332,0.42555491129600004,CHALLENGE,SYMPATHETIC,UNPROMPTED,SUPERVISED
FB,20,773.997924805,0.42999884711400005,SYMPATHISE,SYMPATHETIC,REFUSED,SUPERVISED
FB,20,790.997924805,0.439443291558,CHALLENGE,SYMPATHETIC,REFUSED,SUPERVISED
FB,20,808.997924805,0.449443291558,CHALLENGE,SYMPATHETIC,REFUSED,SUPERVISED
FB,20,825.998840332,0.45888824462899996,SYMPATHISE,SYMPATHETIC,REFUSED,SUPERVISED
FB,20,840.998840332,0.467221577962,SYMPATHISE,SYMPATHETIC,VALIDATED,SUPERVISED
FB,20,857.9987792969999,0.47666598849799996,CHALLENGE,SYMPATHETIC,REFUSED,SUPERVISED
FB,20,869.99786377,0.483332146539,CHALLENGE,SYMPATHETIC,REFUSED,SUPERVISED
FB,20,886.998840332,0.492777133518,CHALLENGE,SYMPATHETIC,REFUSED,SUPERVISED
FB,20,899.9987792969999,0.499999321832,SYMPATHISE,SYMPATHETIC,REFUSED,SUPERVISED
FB,20,900.998840332,0.500554911296,PRAISE,SYMPATHETIC,UNPROMPTED,SUPERVISED
FB,20,902.99786377,0.5016654798719999,CHALLENGE,SYMPATHETIC,UNPROMPTED,SUPERVISED
FB,20,911.9987792969999,0.5066659884979999,SYMPATHISE,SYMPATHETIC,REFUSED,SUPERVISED
FB,20,926.997924805,0.514998847114,SYMPATHISE,SYMPATHETIC,REFUSED,SUPERVISED
FB,20,939.998840332,0.522221577962,PRAISE,SYMPATHETIC,REFUSED,SUPERVISED
FB,20,958.998840332,0.532777133518,CHALLENGE,SYMPATHETIC,REFUSED,SUPERVISED
FB,20,976.998840332,0.542777133518,PRAISE,SYMPATHETIC,REFUSED,SUPERVISED
FB,20,991.998840332,0.551110466851,PRAISE,SYMPATHETIC,REFUSED,SUPERVISED
FB,20,1018.99786377,0.5661099243159999,TIME,POSITIVE,UNPROMPTED,SUPERVISED
FB,20,1020.9979248,0.567221069336,TIME,POSITIVE,UNPROMPTED,SUPERVISED
FB,20,1022.9987792999999,0.5683326551650001,TIME,SYMPATHETIC,REFUSED,SUPERVISED
FB,20,1038.99890137,0.577221611871,TIME,POSITIVE,REFUSED,SUPERVISED
FB,20,1050.9979248,0.583887736003,TIME,POSITIVE,REFUSED,SUPERVISED
FB,20,1068.9987793,0.59388821072,TIME,POSITIVE,REFUSED,SUPERVISED
FB,20,1083.9987793,0.602221544054,TIME,POSITIVE,REFUSED,SUPERVISED
FB,20,1101.9987793,0.612221544054,TIME,POSITIVE,REFUSED,SUPERVISED
FB,20,1113.9987793,0.61888821072,PRAISE,POSITIVE,UNPROMPTED,SUPERVISED
FB,20,1114.9979248,0.619443291558,TIME,POSITIVE,REFUSED,SUPERVISED
FB,20,1133.9979248,0.629998847114,PRAISE,POSITIVE,VALIDATED,SUPERVISED
FB,20,1135.9987793,0.631110432943,CHALLENGE,CHALLENGING,UNPROMPTED,SUPERVISED
FB,20,1145.9979248,0.63666551378,PRAISE,POSITIVE,REFUSED,SUPERVISED
FB,20,1157.9987793,0.643332655165,CHALLENGE,CHALLENGING,REFUSED,SUPERVISED
FB,20,1174.9987793,0.652777099609,CHALLENGE,CHALLENGING,REFUSED,SUPERVISED
FB,20,1191.99890137,0.662221611871,CHALLENGE,CHALLENGING,REFUSED,SUPERVISED
FB,20,1209.9987793,0.6722215440539999,CHALLENGE,CHALLENGING,REFUSED,SUPERVISED
FB,20,1225.99853516,0.6811102973090001,PRAISE,SYMPATHETIC,REFUSED,SUPERVISED
FB,20,1241.9979248,0.6899988471140001,CHALLENGE,SYMPATHETIC,REFUSED,SUPERVISED
FB,20,1247.9987793,0.693332655165,PRAISE,SYMPATHETIC,UNPROMPTED,SUPERVISED
FB,20,1253.9987793,0.6966659884980001,PRAISE,SYMPATHETIC,REFUSED,SUPERVISED
FB,20,1268.9979248,0.7049988471140001,PRAISE,SYMPATHETIC,REFUSED,SUPERVISED
FB,20,1272.99890137,0.707221611871,PRAISE,POSITIVE,UNPROMPTED,SUPERVISED
FB,20,1279.9979248,0.711109958225,PRAISE,POSITIVE,REFUSED,SUPERVISED
FB,20,1298.9987793,0.721665988498,PRAISE,POSITIVE,REFUSED,SUPERVISED
FB,20,1317.9987793,0.732221544054,PRAISE,POSITIVE,VALIDATED,SUPERVISED
FB,20,1319.9979248,0.733332180447,TIME,SYMPATHETIC,UNPROMPTED,SUPERVISED
FB,20,1332.99804688,0.740554470486,TIME,SYMPATHETIC,REFUSED,SUPERVISED
FB,20,1346.9987793,0.7483326551649999,TIME,SYMPATHETIC,REFUSED,SUPERVISED
FB,20,1350.9987793,0.750554877387,CHALLENGE,CHALLENGING,UNPROMPTED,SUPERVISED
FB,20,1358.99829102,0.754999050564,TIME,SYMPATHETIC,REFUSED,SUPERVISED
FB,20,1378.9979248,0.766109958225,CHALLENGE,CHALLENGING,VALIDATED,SUPERVISED
FB,20,1389.9987793,0.7722215440539999,TIME,CHALLENGING,UNPROMPTED,SUPERVISED
FB,20,1391.9979248,0.7733321804469999,TIME,SYMPATHETIC,UNPROMPTED,SUPERVISED
FB,20,1394.9987793,0.774999321832,CHALLENGE,CHALLENGING,REFUSED,SUPERVISED
FB,20,1407.99890137,0.7822216118709999,MAINTAIN,POSITIVE,UNPROMPTED,SUPERVISED
FB,20,1411.9987793,0.784443766276,TIME,CHALLENGING,REFUSED,SUPERVISED
FB,20,1428.9979248,0.793887736003,GET_CLOSER,CHALLENGING,UNPROMPTED,SUPERVISED
FB,20,1429.9987793,0.794443766276,CHALLENGE,CHALLENGING,VALIDATED,SUPERVISED
FB,20,1445.9987793,0.803332655165,CHALLENGE,CHALLENGING,REFUSED,SUPERVISED
FB,20,1462.9979248,0.8127766248909999,CHALLENGE,CHALLENGING,REFUSED,SUPERVISED
FB,20,1466.9987793,0.814999321832,TIME,CHALLENGING,UNPROMPTED,SUPERVISED
FB,20,1480.9987793,0.8227770996089999,TIME,CHALLENGING,VALIDATED,SUPERVISED
FB,20,1483.9987793,0.824443766276,GET_CLOSER,CHALLENGING,UNPROMPTED,SUPERVISED
FB,20,1497.9987793,0.832221544054,WALK,POSITIVE,PASSIVE_ACCEPTED,SUPERVISED
FB,20,1517.9987793,0.843332655165,TIME,CHALLENGING,PASSIVE_ACCEPTED,SUPERVISED
FB,20,1519.9987793,0.844443766276,PRAISE,SYMPATHETIC,UNPROMPTED,SUPERVISED
FB,20,1519.9987793,0.844443766276,CHECKPRE,SYMPATHETIC,UNPROMPTED,SUPERVISED
FB,21,9.998131752010002,0.00555451764001,HUMOUR,POSITIVE,REFUSED,SUPERVISED
FB,21,44.9981880188,0.0249989933438,MAINTAIN,POSITIVE,VALIDATED,SUPERVISED
FB,21,81.99812316890001,0.0455545128716,MAINTAIN,POSITIVE,VALIDATED,SUPERVISED
FB,21,118.99816131600001,0.06611008962,MAINTAIN,POSITIVE,REFUSED,SUPERVISED
FB,21,153.998123169,0.0855545128716,MAINTAIN,POSITIVE,VALIDATED,SUPERVISED
FB,21,193.998138428,0.107776743571,MAINTAIN,POSITIVE,VALIDATED,SUPERVISED
FB,21,211.998077393,0.117776709663,HUMOUR,POSITIVE,UNPROMPTED,SUPERVISED
FB,21,226.998138428,0.126110076904,MAINTAIN,POSITIVE,REFUSED,SUPERVISED
FB,21,259.998168945,0.144443427192,PRAISE,POSITIVE,UNPROMPTED,SUPERVISED
FB,21,261.99777221700003,0.145554317898,MAINTAIN,POSITIVE,VALIDATED,SUPERVISED
FB,21,299.998168945,0.166665649414,MAINTAIN,POSITIVE,VALIDATED,SUPERVISED
FB,21,337.998168945,0.18777676052499997,MAINTAIN,POSITIVE,REFUSED,SUPERVISED
FB,21,375.99783325199996,0.20888768514000003,PRAISE,POSITIVE,VALIDATED,SUPERVISED
FB,21,414.998077393,0.23055448744000004,MAINTAIN,POSITIVE,VALIDATED,SUPERVISED
FB,21,446.99810791,0.24833228217199999,MAINTAIN,POSITIVE,REFUSED,SUPERVISED
FB,21,486.99810791,0.270554504395,PRAISE,POSITIVE,VALIDATED,SUPERVISED
FB,21,489.998077393,0.272221154107,HUMOUR,POSITIVE,UNPROMPTED,SUPERVISED
FB,21,521.998046875,0.289998914931,HUMOUR,POSITIVE,REFUSED,SUPERVISED
FB,21,560.99810791,0.31166561550599997,PRAISE,POSITIVE,REFUSED,SUPERVISED
FB,21,581.997558594,0.323331976997,PRAISE,POSITIVE,UNPROMPTED,SUPERVISED
FB,21,587.99810791,0.326665615506,CHALLENGE,SYMPATHETIC,UNPROMPTED,SUPERVISED
FB,21,593.9971923830001,0.329998440213,PRAISE,POSITIVE,REFUSED,SUPERVISED
FB,21,632.99810791,0.351665615506,PRAISE,POSITIVE,REFUSED,SUPERVISED
FB,21,671.99810791,0.37333228217200004,SYMPATHISE,SYMPATHETIC,VALIDATED,SUPERVISED
FB,21,704.998168945,0.391665649414,SYMPATHISE,SYMPATHETIC,REFUSED,SUPERVISED
FB,21,742.997253418,0.412776251899,CHALLENGE,SYMPATHETIC,REFUSED,SUPERVISED
FB,21,749.99810791,0.416665615506,TIME,POSITIVE,UNPROMPTED,SUPERVISED
FB,21,752.99810791,0.418332282172,TIME,POSITIVE,UNPROMPTED,SUPERVISED
FB,21,774.99810791,0.430554504395,TIME,POSITIVE,REFUSED,SUPERVISED
FB,21,812.99810791,0.451665615506,TIME,POSITIVE,REFUSED,SUPERVISED
FB,21,848.99810791,0.471665615506,PRAISE,POSITIVE,VALIDATED,SUPERVISED
FB,21,883.99810791,0.49111005994999996,TIME,POSITIVE,REFUSED,SUPERVISED
FB,21,915.998168945,0.508887871636,TIME,POSITIVE,REFUSED,SUPERVISED
FB,21,929.99810791,0.516665615506,CHALLENGE,SYMPATHETIC,UNPROMPTED,SUPERVISED
FB,21,947.997497559,0.526665276421,TIME,POSITIVE,REFUSED,SUPERVISED
FB,21,955.998168945,0.531110093859,PRAISE,SYMPATHETIC,UNPROMPTED,SUPERVISED
FB,21,982.99810791,0.54611005995,TIME,POSITIVE,REFUSED,SUPERVISED
FB,21,1015.99810791,0.564443393283,TIME,POSITIVE,REFUSED,SUPERVISED
FB,21,1047.99816895,0.58222120497,TIME,POSITIVE,REFUSED,SUPERVISED
FB,21,1051.99816895,0.584443427192,PRAISE,POSITIVE,UNPROMPTED,SUPERVISED
FB,21,1076.99816895,0.598332316081,CHALLENGE,SYMPATHETIC,UNPROMPTED,SUPERVISED
FB,21,1079.99707031,0.5999983723960001,SYMPATHISE,SYMPATHETIC,REFUSED,SUPERVISED
FB,21,1113.99816895,0.618887871636,SYMPATHISE,SYMPATHETIC,REFUSED,SUPERVISED
FB,21,1150.99816895,0.639443427192,PRAISE,SYMPATHETIC,VALIDATED,SUPERVISED
FB,21,1188.99804688,0.660554470486,PRAISE,SYMPATHETIC,UNPROMPTED,SUPERVISED
FB,21,1189.99816895,0.661110093859,CHALLENGE,SYMPATHETIC,VALIDATED,SUPERVISED
FB,21,1228.99816895,0.6827767605249999,PRAISE,SYMPATHETIC,REFUSED,SUPERVISED
FB,21,1262.99719238,0.7016651068790001,SYMPATHISE,SYMPATHETIC,REFUSED,SUPERVISED
FB,21,1274.99816895,0.708332316081,PRAISE,POSITIVE,UNPROMPTED,SUPERVISED
FB,21,1277.99816895,0.709998982747,CHALLENGE,CHALLENGING,UNPROMPTED,SUPERVISED
FB,21,1295.99755859,0.719998643663,CHALLENGE,CHALLENGING,REFUSED,SUPERVISED
FB,21,1330.99816895,0.739443427192,TIME,POSITIVE,UNPROMPTED,SUPERVISED
FB,21,1333.99816895,0.7411100938590001,CHALLENGE,CHALLENGING,VALIDATED,SUPERVISED
FB,21,1365.99816895,0.758887871636,CHALLENGE,CHALLENGING,REFUSED,SUPERVISED
FB,21,1380.99816895,0.7672212049699999,GET_CLOSER,CHALLENGING,UNPROMPTED,SUPERVISED
FB,21,1382.99804688,0.7683322482639999,TIME,SYMPATHETIC,UNPROMPTED,SUPERVISED
FB,21,1397.99816895,0.7766656494140001,GET_CLOSER,CHALLENGING,REFUSED,SUPERVISED
FB,21,1408.99816895,0.7827767605249999,GET_CLOSER,CHALLENGING,UNPROMPTED,SUPERVISED
FB,21,1409.99804688,0.7833322482639999,TIME,CHALLENGING,UNPROMPTED,SUPERVISED
FB,21,1421.99804688,0.789998914931,TIME,CHALLENGING,UNPROMPTED,SUPERVISED
FB,21,1429.99816895,0.794443427192,GET_CLOSER,CHALLENGING,REFUSED,SUPERVISED
FB,21,1445.99804688,0.803332248264,PRAISE,POSITIVE,UNPROMPTED,SUPERVISED
FB,21,1446.99816895,0.803887871636,TIME,CHALLENGING,UNPROMPTED,SUPERVISED
FB,21,1465.99816895,0.814443427192,PRAISE,POSITIVE,UNPROMPTED,SUPERVISED
FB,21,1468.99816895,0.816110093859,TIME,CHALLENGING,VALIDATED,SUPERVISED
FB,21,1497.99816895,0.83222120497,WALK,POSITIVE,PASSIVE_ACCEPTED,SUPERVISED
FB,21,1526.99804688,0.848332248264,ANIMATION,POSITIVE,UNPROMPTED,SUPERVISED
FB,21,1527.99816895,0.848887871636,PRAISE,SYMPATHETIC,UNPROMPTED,SUPERVISED
FB,21,1529.9979248,0.849998847114,ANIMATION,POSITIVE,REFUSED,SUPERVISED
FB,21,1543.99816895,0.857776760525,CHECKPRE,SYMPATHETIC,UNPROMPTED,SUPERVISED
FB,21,1555.99731445,0.864442952474,ANIMATION,POSITIVE,UNPROMPTED,SUPERVISED
FB,21,1562.99816895,0.8683323160809999,ANIMATION,POSITIVE,REFUSED,SUPERVISED
FB,21,1594.99816895,0.8861100938590001,ANIMATION,POSITIVE,REFUSED,SUPERVISED
FB,21,1627.99816895,0.904443427192,HUMOUR,POSITIVE,REFUSED,SUPERVISED
FB,21,1661.99816895,0.923332316081,HUMOUR,POSITIVE,REFUSED,SUPERVISED
FB,21,1699.99804688,0.944443359375,HUMOUR,POSITIVE,REFUSED,SUPERVISED
FB,21,1739.99804688,0.9666655815970001,SYMPATHISE,SYMPATHETIC,VALIDATED,SUPERVISED
FB,21,1767.99816895,0.9822212049700001,PRAISE,SYMPATHETIC,UNPROMPTED,SUPERVISED
FB,21,1771.99816895,0.984443427192,SYMPATHISE,SYMPATHETIC,REFUSED,SUPERVISED
FB,22,10.9970426559,0.00555406194745,PRAISE,POSITIVE,PASSIVE_ACCEPTED,AUTONOMOUS
FB,22,50.9980354309,0.025756583551,MAINTAIN,POSITIVE,PASSIVE_ACCEPTED,AUTONOMOUS
FB,22,90.9978179932,0.045958493935900006,MAINTAIN,POSITIVE,PASSIVE_ACCEPTED,AUTONOMOUS
FB,22,130.998046875,0.0661606297348,MAINTAIN,POSITIVE,PASSIVE_ACCEPTED,AUTONOMOUS
FB,22,170.99781799299998,0.08636253434,PRAISE,POSITIVE,PASSIVE_ACCEPTED,AUTONOMOUS
FB,22,210.997909546,0.106564600781,CHALLENGE,SYMPATHETIC,PASSIVE_ACCEPTED,AUTONOMOUS
FB,22,250.99781799299998,0.126766574744,CHALLENGE,SYMPATHETIC,PASSIVE_ACCEPTED,AUTONOMOUS
FB,22,290.997955322,0.14696866430400002,CHALLENGE,SYMPATHETIC,PASSIVE_ACCEPTED,AUTONOMOUS
FB,22,330.997833252,0.167170622855,PRAISE,SYMPATHETIC,PASSIVE_ACCEPTED,AUTONOMOUS
FB,22,370.998046875,0.187372750947,PRAISE,SYMPATHETIC,PASSIVE_ACCEPTED,AUTONOMOUS
FB,22,410.99786377,0.207574678671,PRAISE,SYMPATHETIC,PASSIVE_ACCEPTED,AUTONOMOUS
FB,22,450.998046875,0.22777679135099999,PRAISE,SYMPATHETIC,PASSIVE_ACCEPTED,AUTONOMOUS
FB,22,490.99783325199996,0.247978703663,PRAISE,SYMPATHETIC,PASSIVE_ACCEPTED,AUTONOMOUS
FB,22,530.998046875,0.268180831755,PRAISE,SYMPATHETIC,PASSIVE_ACCEPTED,AUTONOMOUS
FB,22,570.99798584,0.288382821131,TIME,POSITIVE,PASSIVE_ACCEPTED,AUTONOMOUS
FB,22,610.9978027340001,0.308584748856,TIME,POSITIVE,PASSIVE_ACCEPTED,AUTONOMOUS
FB,22,650.99786377,0.328786799884,TIME,POSITIVE,PASSIVE_ACCEPTED,AUTONOMOUS
FB,22,690.998046875,0.348988912563,PRAISE,POSITIVE,PASSIVE_ACCEPTED,AUTONOMOUS
FB,22,730.99786377,0.36919084028800003,PRAISE,POSITIVE,PASSIVE_ACCEPTED,AUTONOMOUS
FB,22,770.997802734,0.38939282966399996,PRAISE,SYMPATHETIC,PASSIVE_ACCEPTED,AUTONOMOUS
FB,22,810.997802734,0.409594849866,PRAISE,SYMPATHETIC,PASSIVE_ACCEPTED,AUTONOMOUS
FB,22,850.997802734,0.42979687006800005,PRAISE,SYMPATHETIC,PASSIVE_ACCEPTED,AUTONOMOUS
FB,22,890.99786377,0.449998921096,PRAISE,SYMPATHETIC,PASSIVE_ACCEPTED,AUTONOMOUS
FB,22,930.99798584,0.470201002949,PRAISE,SYMPATHETIC,PASSIVE_ACCEPTED,AUTONOMOUS
FB,22,970.997680664,0.490402869022,PRAISE,SYMPATHETIC,PASSIVE_ACCEPTED,AUTONOMOUS
FB,22,1010.9979248,0.5106050125280001,PRAISE,SYMPATHETIC,PASSIVE_ACCEPTED,AUTONOMOUS
FB,22,1050.99780273,0.530806971078,PRAISE,SYMPATHETIC,PASSIVE_ACCEPTED,AUTONOMOUS
FB,22,1090.99804688,0.5510091145830001,PRAISE,SYMPATHETIC,PASSIVE_ACCEPTED,AUTONOMOUS
FB,22,1130.99780273,0.5712110114819999,PRAISE,SYMPATHETIC,PASSIVE_ACCEPTED,AUTONOMOUS
FB,22,1170.99804688,0.591413154987,PRAISE,SYMPATHETIC,PASSIVE_ACCEPTED,AUTONOMOUS
FB,22,1210.99780273,0.6116150518860001,PRAISE,SYMPATHETIC,PASSIVE_ACCEPTED,AUTONOMOUS
FB,22,1250.99743652,0.631816887133,PRAISE,SYMPATHETIC,PASSIVE_ACCEPTED,AUTONOMOUS
FB,22,1290.99780273,0.65201909229,PRAISE,SYMPATHETIC,PASSIVE_ACCEPTED,AUTONOMOUS
FB,22,1330.99804688,0.672221235795,TIME,SYMPATHETIC,PASSIVE_ACCEPTED,AUTONOMOUS
FB,22,1370.9979248,0.692423194346,TIME,SYMPATHETIC,PASSIVE_ACCEPTED,AUTONOMOUS
FB,22,1410.99804688,0.7126252761990001,TIME,SYMPATHETIC,PASSIVE_ACCEPTED,AUTONOMOUS
FB,22,1450.99804688,0.7328272964020001,TIME,SYMPATHETIC,PASSIVE_ACCEPTED,AUTONOMOUS
FB,22,1490.99804688,0.7530293166040001,TIME,SYMPATHETIC,PASSIVE_ACCEPTED,AUTONOMOUS
FB,22,1530.99804688,0.773231336806,TIME,SYMPATHETIC,PASSIVE_ACCEPTED,AUTONOMOUS
FB,22,1570.99804688,0.793433357008,PRAISE,POSITIVE,PASSIVE_ACCEPTED,AUTONOMOUS
FB,22,1610.99719238,0.813634945648,PRAISE,POSITIVE,PASSIVE_ACCEPTED,AUTONOMOUS
FB,22,1650.9979248,0.8338373357600001,PRAISE,POSITIVE,PASSIVE_ACCEPTED,AUTONOMOUS
FB,22,1677.99816895,0.8474738226999999,WALK,POSITIVE,PASSIVE_ACCEPTED,AUTONOMOUS
FB,22,1717.99780273,0.867675657947,ANIMATION,POSITIVE,PASSIVE_ACCEPTED,AUTONOMOUS
FB,22,1757.99780273,0.887877678149,ANIMATION,POSITIVE,PASSIVE_ACCEPTED,AUTONOMOUS
FB,22,1797.9979248,0.9080797600020001,ANIMATION,POSITIVE,PASSIVE_ACCEPTED,AUTONOMOUS
FB,22,1837.99780273,0.9282817185529999,HUMOUR,POSITIVE,PASSIVE_ACCEPTED,AUTONOMOUS
FB,22,1877.99719238,0.948483430496,HUMOUR,POSITIVE,PASSIVE_ACCEPTED,AUTONOMOUS
FB,22,1917.99804688,0.9686858822600001,SYMPATHISE,SYMPATHETIC,PASSIVE_ACCEPTED,AUTONOMOUS
FB,22,1957.99755859,0.988887655855,PRAISE,SYMPATHETIC,PASSIVE_ACCEPTED,AUTONOMOUS
FB,23,10.997841835,0.0055544655732399995,HUMOUR,POSITIVE,PASSIVE_ACCEPTED,AUTONOMOUS
FB,23,50.9978523254,0.0257564910735,HUMOUR,POSITIVE,PASSIVE_ACCEPTED,AUTONOMOUS
FB,23,90.9972839355,0.045958224209900006,MAINTAIN,POSITIVE,PASSIVE_ACCEPTED,AUTONOMOUS
FB,23,130.997283936,0.0661602444119,HUMOUR,POSITIVE,PASSIVE_ACCEPTED,AUTONOMOUS
FB,23,170.998001099,0.0863626268175,MAINTAIN,POSITIVE,PASSIVE_ACCEPTED,AUTONOMOUS
FB,23,210.997451782,0.106564369587,MAINTAIN,POSITIVE,PASSIVE_ACCEPTED,AUTONOMOUS
FB,23,250.99786377,0.12676659786299999,MAINTAIN,POSITIVE,PASSIVE_ACCEPTED,AUTONOMOUS
FB,23,290.997558594,0.146968463936,MAINTAIN,POSITIVE,PASSIVE_ACCEPTED,AUTONOMOUS
FB,23,330.99786377,0.167170638267,MAINTAIN,POSITIVE,PASSIVE_ACCEPTED,AUTONOMOUS
FB,23,370.99786377,0.187372658469,MAINTAIN,POSITIVE,PASSIVE_ACCEPTED,AUTONOMOUS
FB,23,410.99786377,0.207574678671,MAINTAIN,POSITIVE,PASSIVE_ACCEPTED,AUTONOMOUS
FB,23,450.99789428699995,0.227776714286,MAINTAIN,POSITIVE,PASSIVE_ACCEPTED,AUTONOMOUS
FB,23,490.99783325199996,0.247978703663,MAINTAIN,POSITIVE,PASSIVE_ACCEPTED,AUTONOMOUS
FB,23,530.997924805,0.268180770103,MAINTAIN,POSITIVE,PASSIVE_ACCEPTED,AUTONOMOUS
FB,23,570.99786377,0.28838275948000003,MAINTAIN,POSITIVE,PASSIVE_ACCEPTED,AUTONOMOUS
FB,23,610.9978027340001,0.308584748856,MAINTAIN,POSITIVE,PASSIVE_ACCEPTED,AUTONOMOUS
FB,23,650.997741699,0.328786738232,MAINTAIN,POSITIVE,PASSIVE_ACCEPTED,AUTONOMOUS
FB,23,690.99786377,0.34898882008599996,MAINTAIN,POSITIVE,PASSIVE_ACCEPTED,AUTONOMOUS
FB,23,730.99786377,0.36919084028800003,MAINTAIN,POSITIVE,PASSIVE_ACCEPTED,AUTONOMOUS
FB,23,770.99786377,0.38939286049000005,MAINTAIN,POSITIVE,PASSIVE_ACCEPTED,AUTONOMOUS
FB,23,810.9973144530001,0.40959460325900005,MAINTAIN,POSITIVE,PASSIVE_ACCEPTED,AUTONOMOUS
FB,23,850.99786377,0.429796900894,MAINTAIN,POSITIVE,PASSIVE_ACCEPTED,AUTONOMOUS
FB,23,890.9977416989999,0.449998859444,PRAISE,POSITIVE,PASSIVE_ACCEPTED,AUTONOMOUS
FB,23,930.997924805,0.47020097212399997,PRAISE,SYMPATHETIC,PASSIVE_ACCEPTED,AUTONOMOUS
FB,23,970.997253418,0.490402653241,CHECKPRE,SYMPATHETIC,PASSIVE_ACCEPTED,AUTONOMOUS
FB,23,1010.99786377,0.510604981702,CHECKPRE,SYMPATHETIC,PASSIVE_ACCEPTED,AUTONOMOUS
FB,23,1050.99780273,0.530806971078,PRAISE,SYMPATHETIC,PASSIVE_ACCEPTED,AUTONOMOUS
FB,23,1090.99780273,0.55100899128,PRAISE,POSITIVE,PASSIVE_ACCEPTED,AUTONOMOUS
FB,23,1130.99780273,0.5712110114819999,PRAISE,POSITIVE,PASSIVE_ACCEPTED,AUTONOMOUS
FB,23,1170.99768066,0.591412970032,PRAISE,POSITIVE,PASSIVE_ACCEPTED,AUTONOMOUS
FB,23,1210.99731445,0.611614805279,PRAISE,POSITIVE,PASSIVE_ACCEPTED,AUTONOMOUS
FB,23,1250.99780273,0.631817072088,TIME,POSITIVE,PASSIVE_ACCEPTED,AUTONOMOUS
FB,23,1290.99780273,0.65201909229,PRAISE,POSITIVE,PASSIVE_ACCEPTED,AUTONOMOUS
FB,23,1330.9979248,0.672221174144,PRAISE,POSITIVE,PASSIVE_ACCEPTED,AUTONOMOUS
FB,23,1370.99780273,0.692423132694,PRAISE,POSITIVE,PASSIVE_ACCEPTED,AUTONOMOUS
FB,23,1410.99731445,0.7126249062890001,PRAISE,POSITIVE,PASSIVE_ACCEPTED,AUTONOMOUS
FB,23,1450.99780273,0.7328271730979999,PRAISE,POSITIVE,PASSIVE_ACCEPTED,AUTONOMOUS
FB,23,1490.99780273,0.7530291933,PRAISE,POSITIVE,PASSIVE_ACCEPTED,AUTONOMOUS
FB,23,1530.99780273,0.773231213502,PRAISE,POSITIVE,PASSIVE_ACCEPTED,AUTONOMOUS
FB,23,1570.99780273,0.793433233704,TIME,SYMPATHETIC,PASSIVE_ACCEPTED,AUTONOMOUS
FB,23,1610.99743652,0.813635068951,TIME,CHALLENGING,PASSIVE_ACCEPTED,AUTONOMOUS
FB,23,1650.9979248,0.8338373357600001,TIME,CHALLENGING,PASSIVE_ACCEPTED,AUTONOMOUS
FB,23,1677.99780273,0.847473637745,WALK,CHALLENGING,PASSIVE_ACCEPTED,AUTONOMOUS
FB,23,1717.9979248,0.867675719598,ANIMATION,POSITIVE,PASSIVE_ACCEPTED,AUTONOMOUS
FB,23,1757.99780273,0.887877678149,ANIMATION,POSITIVE,PASSIVE_ACCEPTED,AUTONOMOUS
FB,23,1797.99780273,0.908079698351,ANIMATION,POSITIVE,PASSIVE_ACCEPTED,AUTONOMOUS
FB,23,1837.9979248,0.928281780204,HUMOUR,POSITIVE,PASSIVE_ACCEPTED,AUTONOMOUS
FB,23,1877.9979248,0.948483800406,HUMOUR,POSITIVE,PASSIVE_ACCEPTED,AUTONOMOUS
FB,23,1917.99780273,0.9686857589569999,PRAISE,SYMPATHETIC,PASSIVE_ACCEPTED,AUTONOMOUS
FB,23,1957.99780273,0.9888877791590001,PRAISE,SYMPATHETIC,PASSIVE_ACCEPTED,AUTONOMOUS
FB,25,10.9977645874,0.00523703075591,PRAISE,POSITIVE,PASSIVE_ACCEPTED,AUTONOMOUS
FB,25,50.997760772700005,0.024284647987000002,MAINTAIN,POSITIVE,PASSIVE_ACCEPTED,AUTONOMOUS
FB,25,90.997795105,0.04333228338330001,PRAISE,POSITIVE,PASSIVE_ACCEPTED,AUTONOMOUS
FB,25,130.997772217,0.06237989153180001,SYMPATHISE,SYMPATHETIC,PASSIVE_ACCEPTED,AUTONOMOUS
FB,25,170.997772217,0.0814275105794,MAINTAIN,POSITIVE,PASSIVE_ACCEPTED,AUTONOMOUS
FB,25,210.997802734,0.100475144159,MAINTAIN,POSITIVE,PASSIVE_ACCEPTED,AUTONOMOUS
FB,25,250.99778747599998,0.11952275594100001,PRAISE,POSITIVE,PASSIVE_ACCEPTED,AUTONOMOUS
FB,25,290.997741699,0.13857035319,CHALLENGE,SYMPATHETIC,PASSIVE_ACCEPTED,AUTONOMOUS
FB,25,330.99777221700003,0.15761798677000002,PRAISE,SYMPATHETIC,PASSIVE_ACCEPTED,AUTONOMOUS
FB,25,370.99707031199995,0.176665271577,PRAISE,SYMPATHETIC,PASSIVE_ACCEPTED,AUTONOMOUS
FB,25,410.997741699,0.19571321033300002,PRAISE,SYMPATHETIC,PASSIVE_ACCEPTED,AUTONOMOUS
FB,25,450.997741699,0.214760829381,PRAISE,SYMPATHETIC,PASSIVE_ACCEPTED,AUTONOMOUS
FB,25,490.997741699,0.233808448428,PRAISE,SYMPATHETIC,PASSIVE_ACCEPTED,AUTONOMOUS
FB,25,530.997741699,0.252856067476,PRAISE,SYMPATHETIC,PASSIVE_ACCEPTED,AUTONOMOUS
FB,25,570.997741699,0.271903686523,PRAISE,SYMPATHETIC,PASSIVE_ACCEPTED,AUTONOMOUS
FB,25,610.997741699,0.290951305571,PRAISE,POSITIVE,PASSIVE_ACCEPTED,AUTONOMOUS
FB,25,650.997741699,0.30999892461899997,PRAISE,POSITIVE,PASSIVE_ACCEPTED,AUTONOMOUS
FB,25,690.9977416989999,0.329046543666,PRAISE,POSITIVE,PASSIVE_ACCEPTED,AUTONOMOUS
FB,25,730.9977416989999,0.34809416271399996,PRAISE,POSITIVE,PASSIVE_ACCEPTED,AUTONOMOUS
FB,25,770.997436523,0.36714163644000003,PRAISE,POSITIVE,PASSIVE_ACCEPTED,AUTONOMOUS
FB,25,810.996765137,0.386188935779,PRAISE,POSITIVE,PASSIVE_ACCEPTED,AUTONOMOUS
FB,25,850.997802734,0.405237048921,PRAISE,POSITIVE,PASSIVE_ACCEPTED,AUTONOMOUS
FB,25,890.9977416989999,0.424284638904,PRAISE,SYMPATHETIC,PASSIVE_ACCEPTED,AUTONOMOUS
FB,25,930.9976196289999,0.443332199823,PRAISE,SYMPATHETIC,PASSIVE_ACCEPTED,AUTONOMOUS
FB,25,970.997802734,0.462379906064,PRAISE,SYMPATHETIC,PASSIVE_ACCEPTED,AUTONOMOUS
FB,25,1010.99682617,0.481427060082,PRAISE,SYMPATHETIC,PASSIVE_ACCEPTED,AUTONOMOUS
FB,25,1050.99780273,0.500475144159,PRAISE,SYMPATHETIC,PASSIVE_ACCEPTED,AUTONOMOUS
FB,25,1090.99768066,0.519522705078,PRAISE,SYMPATHETIC,PASSIVE_ACCEPTED,AUTONOMOUS
FB,25,1130.99694824,0.538569975353,PRAISE,POSITIVE,PASSIVE_ACCEPTED,AUTONOMOUS
FB,25,1170.99768066,0.557617943173,TIME,POSITIVE,PASSIVE_ACCEPTED,AUTONOMOUS
FB,25,1210.99780273,0.57666562035,PRAISE,POSITIVE,PASSIVE_ACCEPTED,AUTONOMOUS
FB,25,1250.99780273,0.595713239397,PRAISE,POSITIVE,PASSIVE_ACCEPTED,AUTONOMOUS
FB,25,1290.99780273,0.614760858445,PRAISE,POSITIVE,PASSIVE_ACCEPTED,AUTONOMOUS
FB,25,1330.99780273,0.6338084774930001,PRAISE,POSITIVE,PASSIVE_ACCEPTED,AUTONOMOUS
FB,25,1370.99780273,0.65285609654,PRAISE,POSITIVE,PASSIVE_ACCEPTED,AUTONOMOUS
FB,25,1410.99780273,0.671903715588,PRAISE,POSITIVE,PASSIVE_ACCEPTED,AUTONOMOUS
FB,25,1450.99780273,0.6909513346349999,PRAISE,POSITIVE,PASSIVE_ACCEPTED,AUTONOMOUS
FB,25,1490.99768066,0.709998895554,PRAISE,POSITIVE,PASSIVE_ACCEPTED,AUTONOMOUS
FB,25,1530.99743652,0.729046398344,MAINTAIN,POSITIVE,PASSIVE_ACCEPTED,AUTONOMOUS
FB,25,1570.99780273,0.748094191778,MAINTAIN,POSITIVE,PASSIVE_ACCEPTED,AUTONOMOUS
FB,25,1610.99780273,0.767141810826,PRAISE,POSITIVE,PASSIVE_ACCEPTED,AUTONOMOUS
FB,25,1650.99780273,0.786189429874,CHALLENGE,CHALLENGING,PASSIVE_ACCEPTED,AUTONOMOUS
FB,25,1690.99780273,0.805237048921,TIME,SYMPATHETIC,PASSIVE_ACCEPTED,AUTONOMOUS
FB,25,1730.99780273,0.824284667969,TIME,CHALLENGING,PASSIVE_ACCEPTED,AUTONOMOUS
FB,25,1770.99780273,0.843332287016,TIME,CHALLENGING,PASSIVE_ACCEPTED,AUTONOMOUS
FB,25,1797.99755859,0.8561893136159999,WALK,CHALLENGING,PASSIVE_ACCEPTED,AUTONOMOUS
FB,25,1837.99768066,0.875236990792,ANIMATION,POSITIVE,PASSIVE_ACCEPTED,AUTONOMOUS
FB,25,1877.99780273,0.8942846679690001,ANIMATION,POSITIVE,PASSIVE_ACCEPTED,AUTONOMOUS
FB,25,1917.99731445,0.9133320545010001,ANIMATION,POSITIVE,PASSIVE_ACCEPTED,AUTONOMOUS
FB,25,1957.99743652,0.9323797316779999,ANIMATION,POSITIVE,PASSIVE_ACCEPTED,AUTONOMOUS
FB,25,1997.99780273,0.9514275251119999,CHALLENGE,SYMPATHETIC,PASSIVE_ACCEPTED,AUTONOMOUS
FB,25,2037.99780273,0.970475144159,PRAISE,SYMPATHETIC,PASSIVE_ACCEPTED,AUTONOMOUS
FB,25,2078.99780273,0.9899989536830001,PRAISE,SYMPATHETIC,PASSIVE_ACCEPTED,AUTONOMOUS
