GB,19,4.9985628128099995,0.00333237520854,PRAISE,POSITIVE,REFUSED,SUPERVISED
GB,19,20.9985961914,0.0139990641276,PRAISE,POSITIVE,REFUSED,SUPERVISED
GB,19,34.9977493286,0.0233318328857,PRAISE,POSITIVE,REFUSED,SUPERVISED
GB,19,49.9985580444,0.0333323720296,PRAISE,POSITIVE,REFUSED,SUPERVISED
GB,19,67.998588562,0.0453323923747,PRAISE,POSITIVE,REFUSED,SUPERVISED
GB,19,81.9977798462,0.0546651865641,PRAISE,POSITIVE,REFUSED,SUPERVISED
GB,19,101.99856567399999,0.0679990437826,PRAISE,POSITIVE,VALIDATED,SUPERVISED
GB,19,117.99855804399999,0.078665705363,PRAISE,POSITIVE,REFUSED,SUPERVISED
GB,19,138.997879028,0.0926652526855,PRAISE,POSITIVE,PASSIVE_ACCEPTED,SUPERVISED
GB,19,150.99861145,0.100665740967,PRAISE,POSITIVE,REFUSED,SUPERVISED
GB,19,237.997756958,0.158665171305,PRAISE,POSITIVE,UNPROMPTED,SUPERVISED
GB,19,241.998596191,0.161332397461,MAINTAIN,POSITIVE,UNPROMPTED,SUPERVISED
GB,19,317.998565674,0.211999043783,TIME,POSITIVE,UNPROMPTED,SUPERVISED
GB,19,364.998596191,0.24333239746100002,CHALLENGE,CHALLENGING,UNPROMPTED,SUPERVISED
GB,19,514.997924805,0.34333194987,TIME,POSITIVE,UNPROMPTED,SUPERVISED
GB,19,605.9985961909999,0.403999064128,PRAISE,POSITIVE,UNPROMPTED,SUPERVISED
GB,19,608.9985961909999,0.40599906412799996,HUMOUR,POSITIVE,UNPROMPTED,SUPERVISED
GB,19,722.998596191,0.481999064128,PRAISE,POSITIVE,UNPROMPTED,SUPERVISED
GB,19,776.998596191,0.517999064128,TIME,POSITIVE,UNPROMPTED,SUPERVISED
GB,19,875.9985351560001,0.5839990234369999,MAINTAIN,POSITIVE,UNPROMPTED,SUPERVISED
GB,19,887.9977416989999,0.591998494466,MAINTAIN,POSITIVE,UNPROMPTED,SUPERVISED
GB,19,972.998596191,0.648665730794,PRAISE,POSITIVE,UNPROMPTED,SUPERVISED
GB,19,1099.9979248,0.73333194987,PRAISE,POSITIVE,UNPROMPTED,SUPERVISED
GB,19,1103.99804688,0.735998697917,CHALLENGE,CHALLENGING,UNPROMPTED,SUPERVISED
GB,19,1201.99865723,0.801332438151,PRAISE,POSITIVE,UNPROMPTED,SUPERVISED
GB,19,1285.99768066,0.8573317871089999,PRAISE,POSITIVE,UNPROMPTED,SUPERVISED
GB,19,1303.99902344,0.869332682292,PRAISE,POSITIVE,REFUSED,SUPERVISED
GB,19,1322.99865723,0.881999104818,CHALLENGE,SYMPATHETIC,UNPROMPTED,SUPERVISED
GB,19,1357.99780273,0.9053318684899999,TIME,POSITIVE,REFUSED,SUPERVISED
GB,19,1371.99768066,0.9146651204430001,TIME,POSITIVE,REFUSED,SUPERVISED
GB,19,1379.99865723,0.9199991048180001,TIME,SYMPATHETIC,UNPROMPTED,SUPERVISED
GB,19,1386.99865723,0.924665771484,MAINTAIN,POSITIVE,UNPROMPTED,SUPERVISED
GB,19,1394.99865723,0.9299991048180001,CHALLENGE,SYMPATHETIC,UNPROMPTED,SUPERVISED
GB,19,1409.99780273,0.939998535156,TIME,CHALLENGING,REFUSED,SUPERVISED
GB,19,1425.99890137,0.950665934245,TIME,CHALLENGING,REFUSED,SUPERVISED
GB,19,1440.99865723,0.9606657714839999,PRAISE,POSITIVE,UNPROMPTED,SUPERVISED
GB,19,1442.99780273,0.961998535156,TIME,CHALLENGING,VALIDATED,SUPERVISED
GB,19,1447.99780273,0.96533186849,TIME,SYMPATHETIC,UNPROMPTED,SUPERVISED
GB,19,1465.99853516,0.977332356771,TIME,CHALLENGING,VALIDATED,SUPERVISED
GB,19,1477.99853516,0.9853323567710001,TIME,CHALLENGING,REFUSED,SUPERVISED
GB,19,1480.99780273,0.9873318684899999,PRAISE,POSITIVE,UNPROMPTED,SUPERVISED
GB,19,1497.99853516,0.998665690104,WALK,POSITIVE,PASSIVE_ACCEPTED,SUPERVISED
GB,19,1517.99780273,1.01199853516,PRAISE,SYMPATHETIC,VALIDATED,SUPERVISED
GB,19,1521.9979248,1.0146652831999998,CHECKPRE,SYMPATHETIC,UNPROMPTED,SUPERVISED
GB,19,1532.99853516,1.02199902344,PRAISE,SYMPATHETIC,REFUSED,SUPERVISED
GB,19,1546.99816895,1.03133211263,CHECKPRE,SYMPATHETIC,REFUSED,SUPERVISED
GB,19,1564.99853516,1.04333235677,PRAISE,SYMPATHETIC,VALIDATED,SUPERVISED
GB,19,1586.99853516,1.05799902344,SYMPATHISE,SYMPATHETIC,VALIDATED,SUPERVISED
GB,19,1618.99780273,1.07933186849,CHALLENGE,SYMPATHETIC,REFUSED,SUPERVISED
GB,19,1634.99853516,1.0899990234399999,CHALLENGE,SYMPATHETIC,REFUSED,SUPERVISED
GB,19,1650.99865723,1.1006657714799999,CHALLENGE,SYMPATHETIC,REFUSED,SUPERVISED
GB,19,1667.99865723,1.11199910482,PRAISE,SYMPATHETIC,UNPROMPTED,SUPERVISED
GB,20,63.9947052002,0.042663136800100004,MAINTAIN,POSITIVE,UNPROMPTED,SUPERVISED
GB,20,115.99493408200001,0.0773299560547,PRAISE,POSITIVE,UNPROMPTED,SUPERVISED
GB,20,300.99508667,0.200663391113,PRAISE,POSITIVE,UNPROMPTED,SUPERVISED
GB,20,303.994689941,0.20266312662799998,CHALLENGE,SYMPATHETIC,UNPROMPTED,SUPERVISED
GB,20,378.994689941,0.252663126628,PRAISE,POSITIVE,UNPROMPTED,SUPERVISED
GB,20,501.99475097699997,0.334663167318,PRAISE,POSITIVE,UNPROMPTED,SUPERVISED
GB,20,583.9946899409999,0.389329793294,TIME,POSITIVE,UNPROMPTED,SUPERVISED
GB,20,589.9946899409999,0.39332979329400003,PRAISE,POSITIVE,UNPROMPTED,SUPERVISED
GB,20,679.994750977,0.453329833984,PRAISE,POSITIVE,UNPROMPTED,SUPERVISED
GB,20,817.994689941,0.545329793294,PRAISE,POSITIVE,UNPROMPTED,SUPERVISED
GB,20,822.994689941,0.548663126628,MAINTAIN,POSITIVE,UNPROMPTED,SUPERVISED
GB,20,834.994689941,0.556663126628,PRAISE,POSITIVE,REFUSED,SUPERVISED
GB,20,864.994689941,0.576663126628,PRAISE,POSITIVE,REFUSED,SUPERVISED
GB,20,946.994750977,0.631329833984,PRAISE,POSITIVE,REFUSED,SUPERVISED
GB,20,968.994689941,0.645996459961,TIME,POSITIVE,UNPROMPTED,SUPERVISED
GB,20,974.994750977,0.649996500651,CHALLENGE,SYMPATHETIC,UNPROMPTED,SUPERVISED
GB,20,993.994262695,0.662662841797,PRAISE,POSITIVE,REFUSED,SUPERVISED
GB,20,1009.99487305,0.6733299153650001,PRAISE,POSITIVE,REFUSED,SUPERVISED
GB,20,1033.99475098,0.6893298339839999,PRAISE,POSITIVE,REFUSED,SUPERVISED
GB,20,1049.99475098,0.6999965006509999,PRAISE,POSITIVE,REFUSED,SUPERVISED
GB,20,1086.99511719,0.724663411458,PRAISE,POSITIVE,VALIDATED,SUPERVISED
GB,20,1100.99462891,0.733996419271,PRAISE,POSITIVE,REFUSED,SUPERVISED
GB,20,1116.99475098,0.7446631673180001,PRAISE,POSITIVE,REFUSED,SUPERVISED
GB,20,1137.99475098,0.7586631673180001,PRAISE,POSITIVE,REFUSED,SUPERVISED
GB,20,1150.99499512,0.767329996745,CHALLENGE,SYMPATHETIC,UNPROMPTED,SUPERVISED
GB,20,1163.99475098,0.775996500651,PRAISE,POSITIVE,REFUSED,SUPERVISED
GB,20,1187.99475098,0.791996500651,PRAISE,POSITIVE,REFUSED,SUPERVISED
GB,20,1206.99475098,0.804663167318,PRAISE,POSITIVE,VALIDATED,SUPERVISED
GB,20,1213.99475098,0.8093298339839999,TIME,SYMPATHETIC,UNPROMPTED,SUPERVISED
GB,20,1226.99475098,0.817996500651,PRAISE,POSITIVE,REFUSED,SUPERVISED
GB,20,1240.99475098,0.827329833984,PRAISE,POSITIVE,REFUSED,SUPERVISED
GB,20,1265.99475098,0.843996500651,PRAISE,POSITIVE,PASSIVE_ACCEPTED,SUPERVISED
GB,20,1278.99487305,0.852663248698,PRAISE,POSITIVE,REFUSED,SUPERVISED
GB,20,1294.99475098,0.863329833984,PRAISE,POSITIVE,REFUSED,SUPERVISED
GB,20,1311.99475098,0.8746631673180001,PRAISE,POSITIVE,REFUSED,SUPERVISED
GB,20,1330.99475098,0.8873298339839999,PRAISE,POSITIVE,REFUSED,SUPERVISED
GB,20,1342.99475098,0.8953298339839999,PRAISE,SYMPATHETIC,REFUSED,SUPERVISED
GB,20,1343.99499512,0.895996663411,TIME,SYMPATHETIC,UNPROMPTED,SUPERVISED
GB,20,1350.99475098,0.900663167318,CHALLENGE,CHALLENGING,UNPROMPTED,SUPERVISED
GB,20,1354.99511719,0.903330078125,PRAISE,SYMPATHETIC,REFUSED,SUPERVISED
GB,20,1355.99475098,0.903996500651,GET_CLOSER,CHALLENGING,UNPROMPTED,SUPERVISED
GB,20,1373.99487305,0.915996582031,PRAISE,SYMPATHETIC,REFUSED,SUPERVISED
GB,20,1398.99475098,0.932663167318,PRAISE,SYMPATHETIC,VALIDATED,SUPERVISED
GB,20,1412.99499512,0.9419966634110001,TIME,SYMPATHETIC,REFUSED,SUPERVISED
GB,20,1429.99511719,0.953330078125,PRAISE,SYMPATHETIC,REFUSED,SUPERVISED
GB,20,1431.99499512,0.954663330078,TIME,CHALLENGING,UNPROMPTED,SUPERVISED
GB,20,1443.99499512,0.962663330078,TIME,SYMPATHETIC,REFUSED,SUPERVISED
GB,20,1446.99487305,0.964663248698,PRAISE,POSITIVE,UNPROMPTED,SUPERVISED
GB,20,1457.99499512,0.9719966634110001,TIME,SYMPATHETIC,REFUSED,SUPERVISED
GB,20,1466.99475098,0.977996500651,PRAISE,POSITIVE,UNPROMPTED,SUPERVISED
GB,20,1472.99475098,0.981996500651,TIME,CHALLENGING,UNPROMPTED,SUPERVISED
GB,20,1481.99475098,0.987996500651,TIME,CHALLENGING,UNPROMPTED,SUPERVISED
GB,20,1497.99475098,0.9986631673180001,WALK,POSITIVE,PASSIVE_ACCEPTED,SUPERVISED
GB,20,1510.99487305,1.00732991536,PRAISE,POSITIVE,REFUSED,SUPERVISED
GB,20,1520.99475098,1.01399650065,PRAISE,SYMPATHETIC,UNPROMPTED,SUPERVISED
GB,20,1522.99462891,1.0153297526,CHECKPRE,SYMPATHETIC,REFUSED,SUPERVISED
GB,20,1526.99475098,1.01799650065,ANIMATION,POSITIVE,UNPROMPTED,SUPERVISED
GB,20,1536.99475098,1.0246631673200002,CHECKPRE,SYMPATHETIC,VALIDATED,SUPERVISED
GB,20,1553.99475098,1.03599650065,CHECKPRE,SYMPATHETIC,REFUSED,SUPERVISED
GB,20,1566.99462891,1.04466308594,CHECKPRE,SYMPATHETIC,REFUSED,SUPERVISED
GB,20,1586.99475098,1.05799650065,CHECKPRE,SYMPATHETIC,PASSIVE_ACCEPTED,SUPERVISED
GB,20,1725.99475098,1.15066316732,TIME,SYMPATHETIC,REFUSED,SUPERVISED
GB,20,1744.99499512,1.16332999674,TIME,SYMPATHETIC,REFUSED,SUPERVISED
GB,20,1757.99475098,1.17199650065,TIME,SYMPATHETIC,REFUSED,SUPERVISED
GB,21,36.9978065491,0.024665204366,CHALLENGE,SYMPATHETIC,UNPROMPTED,SUPERVISED
GB,21,157.997573853,0.105331715902,PRAISE,POSITIVE,UNPROMPTED,SUPERVISED
GB,21,162.997848511,0.10866523234000001,TIME,POSITIVE,UNPROMPTED,SUPERVISED
GB,21,166.99781799299998,0.111331878662,TIME,POSITIVE,UNPROMPTED,SUPERVISED
GB,21,302.997741699,0.20199849446600002,PRAISE,POSITIVE,UNPROMPTED,SUPERVISED
GB,21,540.99786377,0.360665242513,PRAISE,SYMPATHETIC,UNPROMPTED,SUPERVISED
GB,21,546.997741699,0.364665161133,PRAISE,POSITIVE,UNPROMPTED,SUPERVISED
GB,21,702.998413086,0.468665608724,PRAISE,POSITIVE,UNPROMPTED,SUPERVISED
GB,21,705.998413086,0.470665608724,MAINTAIN,POSITIVE,UNPROMPTED,SUPERVISED
GB,21,793.998046875,0.52933203125,PRAISE,POSITIVE,UNPROMPTED,SUPERVISED
GB,21,797.9977416989999,0.531998494466,CHALLENGE,SYMPATHETIC,UNPROMPTED,SUPERVISED
GB,21,892.997802734,0.59533186849,PRAISE,SYMPATHETIC,UNPROMPTED,SUPERVISED
GB,21,919.9977416989999,0.613331827799,PRAISE,POSITIVE,UNPROMPTED,SUPERVISED
GB,21,924.997802734,0.616665201823,TIME,POSITIVE,UNPROMPTED,SUPERVISED
GB,21,974.9977416989999,0.649998494466,PRAISE,POSITIVE,UNPROMPTED,SUPERVISED
GB,21,977.997802734,0.651998535156,MAINTAIN,POSITIVE,UNPROMPTED,SUPERVISED
GB,21,1128.99768066,0.752665120443,PRAISE,POSITIVE,VALIDATED,SUPERVISED
GB,21,1146.99780273,0.764665201823,PRAISE,POSITIVE,VALIDATED,SUPERVISED
GB,21,1165.99768066,0.777331787109,PRAISE,POSITIVE,REFUSED,SUPERVISED
GB,21,1183.99780273,0.7893318684899999,PRAISE,POSITIVE,REFUSED,SUPERVISED
GB,21,1194.99780273,0.796665201823,PRAISE,POSITIVE,REFUSED,SUPERVISED
GB,21,1195.99768066,0.797331787109,MAINTAIN,POSITIVE,UNPROMPTED,SUPERVISED
GB,21,1216.99780273,0.8113318684899999,PRAISE,POSITIVE,REFUSED,SUPERVISED
GB,21,1245.99841309,0.830665608724,PRAISE,SYMPATHETIC,VALIDATED,SUPERVISED
GB,21,1262.99780273,0.841998535156,PRAISE,SYMPATHETIC,REFUSED,SUPERVISED
GB,21,1278.99768066,0.852665120443,PRAISE,SYMPATHETIC,REFUSED,SUPERVISED
GB,21,1298.99780273,0.865998535156,PRAISE,SYMPATHETIC,REFUSED,SUPERVISED
GB,21,1318.00036621,0.878666910807,PRAISE,SYMPATHETIC,VALIDATED,SUPERVISED
GB,21,1330.9979248,0.8873319498700001,PRAISE,SYMPATHETIC,REFUSED,SUPERVISED
GB,21,1345.99816895,0.89733211263,PRAISE,SYMPATHETIC,REFUSED,SUPERVISED
GB,21,1365.99780273,0.910665201823,PRAISE,SYMPATHETIC,PASSIVE_ACCEPTED,SUPERVISED
GB,21,1383.99780273,0.922665201823,PRAISE,SYMPATHETIC,REFUSED,SUPERVISED
GB,21,1389.9979248,0.926665283203,TIME,SYMPATHETIC,UNPROMPTED,SUPERVISED
GB,21,1392.99890137,0.928665934245,TIME,POSITIVE,UNPROMPTED,SUPERVISED
GB,21,1394.99829102,0.929998860677,PRAISE,SYMPATHETIC,REFUSED,SUPERVISED
GB,21,1414.99768066,0.9433317871089999,PRAISE,SYMPATHETIC,VALIDATED,SUPERVISED
GB,21,1431.99841309,0.954665608724,TIME,CHALLENGING,UNPROMPTED,SUPERVISED
GB,21,1447.99780273,0.96533186849,PRAISE,POSITIVE,UNPROMPTED,SUPERVISED
GB,21,1468.9979248,0.97933194987,TIME,CHALLENGING,UNPROMPTED,SUPERVISED
GB,21,1481.99853516,0.987999023438,PRAISE,POSITIVE,UNPROMPTED,SUPERVISED
GB,21,1497.99865723,0.9986657714839999,WALK,POSITIVE,PASSIVE_ACCEPTED,SUPERVISED
GB,21,1507.9979248,1.00533194987,ANIMATION,POSITIVE,UNPROMPTED,SUPERVISED
GB,21,1509.99804688,1.0066653645799999,PRAISE,SYMPATHETIC,REFUSED,SUPERVISED
GB,21,1521.99780273,1.0146652018200002,PRAISE,SYMPATHETIC,VALIDATED,SUPERVISED
GB,21,1523.99780273,1.01599853516,ANIMATION,POSITIVE,UNPROMPTED,SUPERVISED
GB,21,1576.99804688,1.05133203125,CHECKPRE,SYMPATHETIC,UNPROMPTED,SUPERVISED
GB,21,1758.9979248,1.1726652832,PRAISE,SYMPATHETIC,REFUSED,SUPERVISED
GB,24,10.9974126816,0.00555424882908,TIME,SYMPATHETIC,PASSIVE_ACCEPTED,AUTONOMOUS
GB,24,50.997409820600005,0.025756267586099998,PRAISE,POSITIVE,PASSIVE_ACCEPTED,AUTONOMOUS
GB,24,90.9972076416,0.0459581856776,MAINTAIN,POSITIVE,PASSIVE_ACCEPTED,AUTONOMOUS
GB,24,130.997421265,0.06616031377,PRAISE,POSITIVE,PASSIVE_ACCEPTED,AUTONOMOUS
GB,24,170.997436523,0.0863623416785,PRAISE,POSITIVE,PASSIVE_ACCEPTED,AUTONOMOUS
GB,24,210.997436523,0.106564361881,PRAISE,POSITIVE,PASSIVE_ACCEPTED,AUTONOMOUS
GB,24,250.997436523,0.126766382083,PRAISE,POSITIVE,PASSIVE_ACCEPTED,AUTONOMOUS
GB,24,290.997467041,0.146968417697,PRAISE,POSITIVE,PASSIVE_ACCEPTED,AUTONOMOUS
GB,24,330.997161865,0.16717028377,PRAISE,POSITIVE,PASSIVE_ACCEPTED,AUTONOMOUS
GB,24,370.99743652300003,0.187372442689,CHALLENGE,SYMPATHETIC,PASSIVE_ACCEPTED,AUTONOMOUS
GB,24,410.99743652300003,0.20757446289099998,PRAISE,POSITIVE,PASSIVE_ACCEPTED,AUTONOMOUS
GB,24,450.99737548800005,0.227776452267,PRAISE,POSITIVE,PASSIVE_ACCEPTED,AUTONOMOUS
GB,24,490.99743652300003,0.247978503295,PRAISE,POSITIVE,PASSIVE_ACCEPTED,AUTONOMOUS
GB,24,530.997070312,0.268180338542,PRAISE,POSITIVE,PASSIVE_ACCEPTED,AUTONOMOUS
GB,24,570.996582031,0.288382112137,SYMPATHISE,SYMPATHETIC,PASSIVE_ACCEPTED,AUTONOMOUS
GB,24,610.997436523,0.308584563901,PRAISE,SYMPATHETIC,PASSIVE_ACCEPTED,AUTONOMOUS
GB,24,650.997009277,0.328786368322,CHALLENGE,CHALLENGING,PASSIVE_ACCEPTED,AUTONOMOUS
GB,24,690.9969482419999,0.348988357698,CHALLENGE,SYMPATHETIC,PASSIVE_ACCEPTED,AUTONOMOUS
GB,24,730.996887207,0.369190347074,CHALLENGE,SYMPATHETIC,PASSIVE_ACCEPTED,AUTONOMOUS
GB,24,770.997436523,0.389392644709,CHALLENGE,SYMPATHETIC,PASSIVE_ACCEPTED,AUTONOMOUS
GB,24,810.997436523,0.409594664911,MAINTAIN,POSITIVE,PASSIVE_ACCEPTED,AUTONOMOUS
GB,24,850.997436523,0.42979668511299995,PRAISE,POSITIVE,PASSIVE_ACCEPTED,AUTONOMOUS
GB,24,890.997436523,0.44999870531499997,GET_CLOSER,CHALLENGING,PASSIVE_ACCEPTED,AUTONOMOUS
GB,24,930.997436523,0.47020072551700004,CHALLENGE,CHALLENGING,PASSIVE_ACCEPTED,AUTONOMOUS
GB,24,970.997497559,0.490402776545,PRAISE,POSITIVE,PASSIVE_ACCEPTED,AUTONOMOUS
GB,24,1010.99688721,0.510604488488,PRAISE,POSITIVE,PASSIVE_ACCEPTED,AUTONOMOUS
GB,24,1050.99731445,0.530806724471,PRAISE,POSITIVE,PASSIVE_ACCEPTED,AUTONOMOUS
GB,24,1090.99743652,0.551008806325,TIME,POSITIVE,PASSIVE_ACCEPTED,AUTONOMOUS
GB,24,1130.99743652,0.571210826527,PRAISE,SYMPATHETIC,PASSIVE_ACCEPTED,AUTONOMOUS
GB,24,1170.99743652,0.591412846729,TIME,POSITIVE,PASSIVE_ACCEPTED,AUTONOMOUS
GB,24,1210.99743652,0.611614866931,PRAISE,SYMPATHETIC,PASSIVE_ACCEPTED,AUTONOMOUS
GB,24,1250.99743652,0.631816887133,PRAISE,POSITIVE,PASSIVE_ACCEPTED,AUTONOMOUS
GB,24,1290.99743652,0.652018907335,MAINTAIN,POSITIVE,PASSIVE_ACCEPTED,AUTONOMOUS
GB,24,1330.99658203,0.672220495975,MAINTAIN,POSITIVE,PASSIVE_ACCEPTED,AUTONOMOUS
GB,24,1370.99743652,0.692422947739,MAINTAIN,POSITIVE,PASSIVE_ACCEPTED,AUTONOMOUS
GB,24,1410.99743652,0.712624967941,MAINTAIN,POSITIVE,PASSIVE_ACCEPTED,AUTONOMOUS
GB,24,1450.99755859,0.7328270497949999,MAINTAIN,POSITIVE,PASSIVE_ACCEPTED,AUTONOMOUS
GB,24,1490.99743652,0.753029008345,PRAISE,POSITIVE,PASSIVE_ACCEPTED,AUTONOMOUS
GB,24,1530.99743652,0.773231028547,PRAISE,POSITIVE,PASSIVE_ACCEPTED,AUTONOMOUS
GB,24,1571.99743652,0.793938099254,TIME,SYMPATHETIC,PASSIVE_ACCEPTED,AUTONOMOUS
GB,24,1611.99743652,0.8141401194560001,TIME,SYMPATHETIC,PASSIVE_ACCEPTED,AUTONOMOUS
GB,24,1651.99743652,0.834342139658,PRAISE,POSITIVE,PASSIVE_ACCEPTED,AUTONOMOUS
GB,24,1677.99743652,0.84747345279,WALK,POSITIVE,PASSIVE_ACCEPTED,AUTONOMOUS
GB,24,1717.99743652,0.867675472992,CHECKPRE,SYMPATHETIC,PASSIVE_ACCEPTED,AUTONOMOUS
GB,24,1757.99743652,0.887877493194,PRAISE,SYMPATHETIC,PASSIVE_ACCEPTED,AUTONOMOUS
GB,24,1797.99743652,0.908079513396,SYMPATHISE,SYMPATHETIC,PASSIVE_ACCEPTED,AUTONOMOUS
GB,24,1837.99743652,0.9282815335979999,ANIMATION,POSITIVE,PASSIVE_ACCEPTED,AUTONOMOUS
GB,24,1877.99743652,0.9484835537999999,ANIMATION,POSITIVE,PASSIVE_ACCEPTED,AUTONOMOUS
GB,24,1917.99743652,0.968685574002,ANIMATION,POSITIVE,PASSIVE_ACCEPTED,AUTONOMOUS
GB,24,1957.99743652,0.988887594204,ANIMATION,POSITIVE,PASSIVE_ACCEPTED,AUTONOMOUS
GB,25,10.9979858398,0.00523713611421,TIME,SYMPATHETIC,PASSIVE_ACCEPTED,AUTONOMOUS
GB,25,50.997161865200006,0.024284362793,SYMPATHISE,SYMPATHETIC,PASSIVE_ACCEPTED,AUTONOMOUS
GB,25,90.99794769290001,0.0433323560442,CHALLENGE,SYMPATHETIC,PASSIVE_ACCEPTED,AUTONOMOUS
GB,25,130.998016357,0.0623800077892,PRAISE,POSITIVE,PASSIVE_ACCEPTED,AUTONOMOUS
GB,25,170.997512817,0.0814273870559,PRAISE,POSITIVE,PASSIVE_ACCEPTED,AUTONOMOUS
GB,25,210.998016357,0.100475245884,PRAISE,POSITIVE,PASSIVE_ACCEPTED,AUTONOMOUS
GB,25,250.997940063,0.119522828602,PRAISE,POSITIVE,PASSIVE_ACCEPTED,AUTONOMOUS
GB,25,290.99798584,0.138570469448,PRAISE,POSITIVE,PASSIVE_ACCEPTED,AUTONOMOUS
GB,25,330.99798584,0.157618088495,PRAISE,POSITIVE,PASSIVE_ACCEPTED,AUTONOMOUS
GB,25,370.99783325199996,0.17666563488200002,PRAISE,POSITIVE,PASSIVE_ACCEPTED,AUTONOMOUS
GB,25,410.998016357,0.195713341123,HUMOUR,POSITIVE,PASSIVE_ACCEPTED,AUTONOMOUS
GB,25,450.997924805,0.214760916574,PRAISE,POSITIVE,PASSIVE_ACCEPTED,AUTONOMOUS
GB,25,490.998016357,0.233808579218,PRAISE,POSITIVE,PASSIVE_ACCEPTED,AUTONOMOUS
GB,25,530.9974975590001,0.25285595121800003,PRAISE,POSITIVE,PASSIVE_ACCEPTED,AUTONOMOUS
GB,25,570.997924805,0.271903773717,CHALLENGE,CHALLENGING,PASSIVE_ACCEPTED,AUTONOMOUS
GB,25,610.997558594,0.290951218378,PRAISE,SYMPATHETIC,PASSIVE_ACCEPTED,AUTONOMOUS
GB,25,650.997924805,0.309999011812,PRAISE,SYMPATHETIC,PASSIVE_ACCEPTED,AUTONOMOUS
GB,25,690.997924805,0.329046630859,PRAISE,SYMPATHETIC,PASSIVE_ACCEPTED,AUTONOMOUS
GB,25,730.9975585939999,0.348094075521,PRAISE,SYMPATHETIC,PASSIVE_ACCEPTED,AUTONOMOUS
GB,25,770.99798584,0.367141898019,PRAISE,SYMPATHETIC,PASSIVE_ACCEPTED,AUTONOMOUS
GB,25,810.99810791,0.386189575195,PRAISE,SYMPATHETIC,PASSIVE_ACCEPTED,AUTONOMOUS
GB,25,850.99786377,0.405237077985,MAINTAIN,POSITIVE,PASSIVE_ACCEPTED,AUTONOMOUS
GB,25,890.99798584,0.424284755162,PRAISE,POSITIVE,PASSIVE_ACCEPTED,AUTONOMOUS
GB,25,930.99798584,0.443332374209,PRAISE,POSITIVE,PASSIVE_ACCEPTED,AUTONOMOUS
GB,25,970.99798584,0.462379993257,PRAISE,SYMPATHETIC,PASSIVE_ACCEPTED,AUTONOMOUS
GB,25,1010.99755859,0.481427408854,PRAISE,POSITIVE,PASSIVE_ACCEPTED,AUTONOMOUS
GB,25,1050.9979248,0.500475202288,PRAISE,POSITIVE,PASSIVE_ACCEPTED,AUTONOMOUS
GB,25,1090.99755859,0.519522646949,PRAISE,POSITIVE,PASSIVE_ACCEPTED,AUTONOMOUS
GB,25,1130.99755859,0.538570265997,PRAISE,SYMPATHETIC,PASSIVE_ACCEPTED,AUTONOMOUS
GB,25,1170.9979248,0.557618059431,PRAISE,SYMPATHETIC,PASSIVE_ACCEPTED,AUTONOMOUS
GB,25,1210.99804688,0.576665736607,PRAISE,SYMPATHETIC,PASSIVE_ACCEPTED,AUTONOMOUS
GB,25,1250.99731445,0.595713006882,PRAISE,POSITIVE,PASSIVE_ACCEPTED,AUTONOMOUS
GB,25,1290.9979248,0.614760916574,MAINTAIN,POSITIVE,PASSIVE_ACCEPTED,AUTONOMOUS
GB,25,1330.99768066,0.633808419364,MAINTAIN,POSITIVE,PASSIVE_ACCEPTED,AUTONOMOUS
GB,25,1370.99804688,0.652856212798,MAINTAIN,POSITIVE,PASSIVE_ACCEPTED,AUTONOMOUS
GB,25,1410.99780273,0.671903715588,MAINTAIN,POSITIVE,PASSIVE_ACCEPTED,AUTONOMOUS
GB,25,1450.9979248,0.690951392764,MAINTAIN,POSITIVE,PASSIVE_ACCEPTED,AUTONOMOUS
GB,25,1490.99755859,0.7099988374259999,PRAISE,POSITIVE,PASSIVE_ACCEPTED,AUTONOMOUS
GB,25,1530.99755859,0.729046456473,MAINTAIN,POSITIVE,PASSIVE_ACCEPTED,AUTONOMOUS
GB,25,1570.9979248,0.748094249907,PRAISE,POSITIVE,PASSIVE_ACCEPTED,AUTONOMOUS
GB,25,1610.99755859,0.767141694568,PRAISE,POSITIVE,PASSIVE_ACCEPTED,AUTONOMOUS
GB,25,1650.99755859,0.786189313616,PRAISE,POSITIVE,PASSIVE_ACCEPTED,AUTONOMOUS
GB,25,1690.99694824,0.8052366420199999,TIME,SYMPATHETIC,PASSIVE_ACCEPTED,AUTONOMOUS
GB,25,1730.9979248,0.824284726097,TIME,CHALLENGING,PASSIVE_ACCEPTED,AUTONOMOUS
GB,25,1770.9979248,0.8433323451450001,PRAISE,POSITIVE,PASSIVE_ACCEPTED,AUTONOMOUS
GB,25,1797.9979248,0.856189488002,WALK,POSITIVE,PASSIVE_ACCEPTED,AUTONOMOUS
GB,25,1837.99743652,0.875236874535,PRAISE,SYMPATHETIC,PASSIVE_ACCEPTED,AUTONOMOUS
GB,25,1877.9979248,0.8942847260969999,PRAISE,SYMPATHETIC,PASSIVE_ACCEPTED,AUTONOMOUS
GB,25,1917.99755859,0.9133321707590001,CHALLENGE,SYMPATHETIC,PASSIVE_ACCEPTED,AUTONOMOUS
GB,25,1957.99755859,0.932379789807,ANIMATION,POSITIVE,PASSIVE_ACCEPTED,AUTONOMOUS
GB,25,1997.99755859,0.951427408854,ANIMATION,POSITIVE,PASSIVE_ACCEPTED,AUTONOMOUS
GB,25,2037.99755859,0.9704750279019999,ANIMATION,POSITIVE,PASSIVE_ACCEPTED,AUTONOMOUS
GB,25,2077.99804688,0.989522879464,ANIMATION,POSITIVE,PASSIVE_ACCEPTED,AUTONOMOUS
GB,27,10.997143745399999,0.00523673511687,TIME,SYMPATHETIC,PASSIVE_ACCEPTED,AUTONOMOUS
GB,27,50.997150421099995,0.0242843573434,SYMPATHISE,SYMPATHETIC,PASSIVE_ACCEPTED,AUTONOMOUS
GB,27,90.9970932007,0.043331949143199995,PRAISE,POSITIVE,PASSIVE_ACCEPTED,AUTONOMOUS
GB,27,130.997055054,0.0623795500256,PRAISE,POSITIVE,PASSIVE_ACCEPTED,AUTONOMOUS
GB,27,170.997177124,0.0814272272019,PRAISE,POSITIVE,PASSIVE_ACCEPTED,AUTONOMOUS
GB,27,210.997116089,0.100474817185,PRAISE,POSITIVE,PASSIVE_ACCEPTED,AUTONOMOUS
GB,27,250.997116089,0.11952243623299999,PRAISE,POSITIVE,PASSIVE_ACCEPTED,AUTONOMOUS
GB,27,290.997131348,0.138570062547,PRAISE,POSITIVE,PASSIVE_ACCEPTED,AUTONOMOUS
GB,27,330.997161865,0.15761769612600002,PRAISE,POSITIVE,PASSIVE_ACCEPTED,AUTONOMOUS
GB,27,370.99713134800004,0.17666530064199998,PRAISE,POSITIVE,PASSIVE_ACCEPTED,AUTONOMOUS
GB,27,410.99710083,0.19571290515700002,PRAISE,POSITIVE,PASSIVE_ACCEPTED,AUTONOMOUS
GB,27,450.99710083,0.214760524205,PRAISE,POSITIVE,PASSIVE_ACCEPTED,AUTONOMOUS
GB,27,490.99713134800004,0.23380815778499997,PRAISE,POSITIVE,PASSIVE_ACCEPTED,AUTONOMOUS
GB,27,530.997070312,0.252855747768,PRAISE,SYMPATHETIC,PASSIVE_ACCEPTED,AUTONOMOUS
GB,27,570.996276855,0.271902988979,PRAISE,SYMPATHETIC,PASSIVE_ACCEPTED,AUTONOMOUS
GB,27,610.997131348,0.290951014927,PRAISE,SYMPATHETIC,PASSIVE_ACCEPTED,AUTONOMOUS
GB,27,650.997131348,0.309998633975,PRAISE,SYMPATHETIC,PASSIVE_ACCEPTED,AUTONOMOUS
GB,27,690.997131348,0.329046253023,PRAISE,SYMPATHETIC,PASSIVE_ACCEPTED,AUTONOMOUS
GB,27,730.997070312,0.348093843006,PRAISE,SYMPATHETIC,PASSIVE_ACCEPTED,AUTONOMOUS
GB,27,770.997070312,0.367141462054,PRAISE,SYMPATHETIC,PASSIVE_ACCEPTED,AUTONOMOUS
GB,27,810.997131348,0.386189110166,PRAISE,POSITIVE,PASSIVE_ACCEPTED,AUTONOMOUS
GB,27,850.997131348,0.405236729213,PRAISE,POSITIVE,PASSIVE_ACCEPTED,AUTONOMOUS
GB,27,890.997070312,0.424284319196,PRAISE,POSITIVE,PASSIVE_ACCEPTED,AUTONOMOUS
GB,27,930.997131348,0.443331967308,PRAISE,POSITIVE,PASSIVE_ACCEPTED,AUTONOMOUS
GB,27,970.997131348,0.462379586356,PRAISE,POSITIVE,PASSIVE_ACCEPTED,AUTONOMOUS
GB,27,1010.99707031,0.481427176339,PRAISE,POSITIVE,PASSIVE_ACCEPTED,AUTONOMOUS
GB,27,1050.99719238,0.500474853516,PRAISE,POSITIVE,PASSIVE_ACCEPTED,AUTONOMOUS
GB,27,1090.99719238,0.519522472563,PRAISE,SYMPATHETIC,PASSIVE_ACCEPTED,AUTONOMOUS
GB,27,1130.99621582,0.538569626581,PRAISE,POSITIVE,PASSIVE_ACCEPTED,AUTONOMOUS
GB,27,1170.99707031,0.55761765253,TIME,POSITIVE,PASSIVE_ACCEPTED,AUTONOMOUS
GB,27,1210.99621582,0.576664864676,PRAISE,POSITIVE,PASSIVE_ACCEPTED,AUTONOMOUS
GB,27,1250.99719238,0.5957129487539999,PRAISE,POSITIVE,PASSIVE_ACCEPTED,AUTONOMOUS
GB,27,1290.99719238,0.6147605678010001,MAINTAIN,POSITIVE,PASSIVE_ACCEPTED,AUTONOMOUS
GB,27,1330.99707031,0.63380812872,MAINTAIN,POSITIVE,PASSIVE_ACCEPTED,AUTONOMOUS
GB,27,1370.99719238,0.652855805897,MAINTAIN,POSITIVE,PASSIVE_ACCEPTED,AUTONOMOUS
GB,27,1410.99719238,0.6719034249439999,MAINTAIN,POSITIVE,PASSIVE_ACCEPTED,AUTONOMOUS
GB,27,1450.99707031,0.690950985863,MAINTAIN,POSITIVE,PASSIVE_ACCEPTED,AUTONOMOUS
GB,27,1490.99707031,0.709998604911,MAINTAIN,POSITIVE,PASSIVE_ACCEPTED,AUTONOMOUS
GB,27,1530.99719238,0.7290462820870001,MAINTAIN,POSITIVE,PASSIVE_ACCEPTED,AUTONOMOUS
GB,27,1570.99719238,0.748093901135,MAINTAIN,POSITIVE,PASSIVE_ACCEPTED,AUTONOMOUS
GB,27,1610.99707031,0.767141462054,PRAISE,POSITIVE,PASSIVE_ACCEPTED,AUTONOMOUS
GB,27,1650.99719238,0.7861891392300001,PRAISE,POSITIVE,PASSIVE_ACCEPTED,AUTONOMOUS
GB,27,1690.99707031,0.805236700149,TIME,SYMPATHETIC,PASSIVE_ACCEPTED,AUTONOMOUS
GB,27,1730.99707031,0.824284319196,TIME,SYMPATHETIC,PASSIVE_ACCEPTED,AUTONOMOUS
GB,27,1770.99719238,0.843331996373,TIME,CHALLENGING,PASSIVE_ACCEPTED,AUTONOMOUS
GB,27,1797.99719238,0.8561891392300001,WALK,POSITIVE,PASSIVE_ACCEPTED,AUTONOMOUS
GB,27,1837.99707031,0.875236700149,PRAISE,SYMPATHETIC,PASSIVE_ACCEPTED,AUTONOMOUS
GB,27,1877.99682617,0.894284202939,PRAISE,SYMPATHETIC,PASSIVE_ACCEPTED,AUTONOMOUS
GB,27,1917.99707031,0.9133319382439999,CHECKPRE,SYMPATHETIC,PASSIVE_ACCEPTED,AUTONOMOUS
GB,27,1957.99707031,0.9323795572920001,ANIMATION,POSITIVE,PASSIVE_ACCEPTED,AUTONOMOUS
GB,27,1997.99719238,0.9514272344679999,ANIMATION,POSITIVE,PASSIVE_ACCEPTED,AUTONOMOUS
GB,27,2037.99719238,0.970474853516,ANIMATION,POSITIVE,PASSIVE_ACCEPTED,AUTONOMOUS
GB,27,2077.99707031,0.989522414435,ANIMATION,POSITIVE,PASSIVE_ACCEPTED,AUTONOMOUS
