JF,20,39.9972000122,0.026664800008099995,MAINTAIN,POSITIVE,UNPROMPTED,SUPERVISED
JF,20,48.997158050500005,0.0326647720337,CHALLENGE,SYMPATHETIC,UNPROMPTED,SUPERVISED
JF,20,112.99723815899999,0.0753314921061,PRAISE,POSITIVE,UNPROMPTED,SUPERVISED
JF,20,130.997238159,0.0873314921061,SYMPATHISE,SYMPATHETIC,UNPROMPTED,SUPERVISED
JF,20,173.9972229,0.11599814859999999,PRAISE,POSITIVE,REFUSED,SUPERVISED
JF,20,174.99645996099997,0.11666430664100001,MAINTAIN,POSITIVE,UNPROMPTED,SUPERVISED
JF,20,192.99699401900003,0.12866466267899998,PRAISE,POSITIVE,VALIDATED,SUPERVISED
JF,20,225.997421265,0.15066494750999998,PRAISE,POSITIVE,REFUSED,SUPERVISED
JF,20,240.99630737299998,0.160664204915,PRAISE,POSITIVE,REFUSED,SUPERVISED
JF,20,257.99722290000005,0.17199814859999998,PRAISE,POSITIVE,REFUSED,SUPERVISED
JF,20,275.997253418,0.18399816894499998,PRAISE,POSITIVE,VALIDATED,SUPERVISED
JF,20,286.9972229,0.191331481934,PRAISE,POSITIVE,REFUSED,SUPERVISED
JF,20,287.99734497099996,0.19199822998,MAINTAIN,POSITIVE,UNPROMPTED,SUPERVISED
JF,20,314.9972229,0.2099981486,PRAISE,POSITIVE,REFUSED,SUPERVISED
JF,20,329.9972229,0.2199981486,PRAISE,POSITIVE,REFUSED,SUPERVISED
JF,20,343.997192383,0.229331461589,PRAISE,POSITIVE,REFUSED,SUPERVISED
JF,20,356.997161865,0.23799810790999998,PRAISE,POSITIVE,REFUSED,SUPERVISED
JF,20,374.997497559,0.249998331706,PRAISE,POSITIVE,REFUSED,SUPERVISED
JF,20,393.99731445300006,0.26266487630199997,PRAISE,POSITIVE,REFUSED,SUPERVISED
JF,20,414.997161865,0.276664774577,PRAISE,POSITIVE,VALIDATED,SUPERVISED
JF,20,419.99722289999994,0.2799981486,TIME,POSITIVE,UNPROMPTED,SUPERVISED
JF,20,434.99722289999994,0.2899981486,PRAISE,POSITIVE,PASSIVE_ACCEPTED,SUPERVISED
JF,20,457.99722289999994,0.305331481934,PRAISE,POSITIVE,REFUSED,SUPERVISED
JF,20,468.99682617199994,0.312664550781,PRAISE,POSITIVE,REFUSED,SUPERVISED
JF,20,477.997253418,0.318664835612,CHALLENGE,SYMPATHETIC,UNPROMPTED,SUPERVISED
JF,20,482.99722289999994,0.3219981486,PRAISE,POSITIVE,REFUSED,SUPERVISED
JF,20,504.99722289999994,0.336664815267,PRAISE,POSITIVE,PASSIVE_ACCEPTED,SUPERVISED
JF,20,515.9971923830001,0.343998128255,PRAISE,POSITIVE,REFUSED,SUPERVISED
JF,20,529.997253418,0.353331502279,PRAISE,POSITIVE,REFUSED,SUPERVISED
JF,20,543.9973144530001,0.362664876302,PRAISE,POSITIVE,REFUSED,SUPERVISED
JF,20,559.997253418,0.37333150227899997,PRAISE,POSITIVE,REFUSED,SUPERVISED
JF,20,578.9971923830001,0.38599812825499996,PRAISE,POSITIVE,REFUSED,SUPERVISED
JF,20,595.997253418,0.397331502279,PRAISE,POSITIVE,REFUSED,SUPERVISED
JF,20,608.997253418,0.405998168945,PRAISE,POSITIVE,REFUSED,SUPERVISED
JF,20,627.997253418,0.418664835612,PRAISE,POSITIVE,REFUSED,SUPERVISED
JF,20,641.997253418,0.42799816894500003,PRAISE,POSITIVE,REFUSED,SUPERVISED
JF,20,656.997009277,0.437998006185,PRAISE,POSITIVE,REFUSED,SUPERVISED
JF,20,673.997253418,0.449331502279,PRAISE,POSITIVE,REFUSED,SUPERVISED
JF,20,686.9971923830001,0.45799812825499997,PRAISE,POSITIVE,REFUSED,SUPERVISED
JF,20,702.9963989260001,0.468664265951,PRAISE,POSITIVE,REFUSED,SUPERVISED
JF,20,719.9971923830001,0.479998128255,PRAISE,POSITIVE,REFUSED,SUPERVISED
JF,20,724.997253418,0.48333150227899996,TIME,POSITIVE,UNPROMPTED,SUPERVISED
JF,20,727.997253418,0.48533150227899996,TIME,POSITIVE,UNPROMPTED,SUPERVISED
JF,20,731.9971923830001,0.48799812825499994,PRAISE,POSITIVE,REFUSED,SUPERVISED
JF,20,749.997253418,0.49999816894500004,PRAISE,POSITIVE,VALIDATED,SUPERVISED
JF,20,761.997253418,0.507998168945,PRAISE,POSITIVE,REFUSED,SUPERVISED
JF,20,774.997253418,0.516664835612,PRAISE,POSITIVE,REFUSED,SUPERVISED
JF,20,791.997253418,0.5279981689450001,PRAISE,POSITIVE,REFUSED,SUPERVISED
JF,20,810.997253418,0.540664835612,PRAISE,POSITIVE,REFUSED,SUPERVISED
JF,20,826.997070312,0.551331380208,PRAISE,POSITIVE,REFUSED,SUPERVISED
JF,20,839.9969482419999,0.559997965495,PRAISE,POSITIVE,REFUSED,SUPERVISED
JF,20,845.997253418,0.563998168945,PRAISE,SYMPATHETIC,UNPROMPTED,SUPERVISED
JF,20,850.997375488,0.567331583659,PRAISE,POSITIVE,REFUSED,SUPERVISED
JF,20,852.997253418,0.568664835612,SYMPATHISE,SYMPATHETIC,UNPROMPTED,SUPERVISED
JF,20,869.9973144530001,0.579998209635,PRAISE,POSITIVE,REFUSED,SUPERVISED
JF,20,882.997253418,0.588664835612,PRAISE,POSITIVE,REFUSED,SUPERVISED
JF,20,899.9971923830001,0.599998128255,PRAISE,POSITIVE,VALIDATED,SUPERVISED
JF,20,903.996765137,0.602664510091,MAINTAIN,POSITIVE,UNPROMPTED,SUPERVISED
JF,20,915.9971923830001,0.610664794922,PRAISE,POSITIVE,REFUSED,SUPERVISED
JF,20,928.997375488,0.619331583659,PRAISE,POSITIVE,REFUSED,SUPERVISED
JF,20,944.9971923830001,0.629998128255,PRAISE,POSITIVE,REFUSED,SUPERVISED
JF,20,962.9965209960001,0.641997680664,PRAISE,POSITIVE,REFUSED,SUPERVISED
JF,20,977.9971923830001,0.6519981282549999,PRAISE,POSITIVE,REFUSED,SUPERVISED
JF,20,992.9971923830001,0.6619981282549999,PRAISE,POSITIVE,REFUSED,SUPERVISED
JF,20,1011.99731445,0.674664876302,PRAISE,POSITIVE,REFUSED,SUPERVISED
JF,20,1028.99719238,0.685998128255,PRAISE,POSITIVE,REFUSED,SUPERVISED
JF,20,1030.99719238,0.6873314615889999,PRAISE,SYMPATHETIC,UNPROMPTED,SUPERVISED
JF,20,1035.99719238,0.6906647949220001,CHALLENGE,SYMPATHETIC,UNPROMPTED,SUPERVISED
JF,20,1043.99719238,0.695998128255,PRAISE,POSITIVE,REFUSED,SUPERVISED
JF,20,1197.99719238,0.798664794922,PRAISE,SYMPATHETIC,UNPROMPTED,SUPERVISED
JF,20,1207.99719238,0.8053314615889999,PRAISE,POSITIVE,UNPROMPTED,SUPERVISED
JF,20,1321.99719238,0.8813314615889999,PRAISE,POSITIVE,UNPROMPTED,SUPERVISED
JF,20,1323.99743652,0.8826649576819999,TIME,SYMPATHETIC,UNPROMPTED,SUPERVISED
JF,20,1380.99719238,0.920664794922,PRAISE,SYMPATHETIC,UNPROMPTED,SUPERVISED
JF,20,1384.99719238,0.9233314615889999,SYMPATHISE,SYMPATHETIC,UNPROMPTED,SUPERVISED
JF,20,1413.99658203,0.942664388021,TIME,CHALLENGING,UNPROMPTED,SUPERVISED
JF,20,1442.99719238,0.961998128255,PRAISE,POSITIVE,UNPROMPTED,SUPERVISED
JF,20,1445.99658203,0.963997721354,TIME,CHALLENGING,UNPROMPTED,SUPERVISED
JF,20,1450.99731445,0.967331542969,GET_CLOSER,CHALLENGING,UNPROMPTED,SUPERVISED
JF,20,1470.99719238,0.980664794922,PRAISE,POSITIVE,UNPROMPTED,SUPERVISED
JF,20,1483.99719238,0.9893314615889999,TIME,CHALLENGING,UNPROMPTED,SUPERVISED
JF,20,1484.9967041,0.989997802734,GET_CLOSER,CHALLENGING,UNPROMPTED,SUPERVISED
JF,20,1497.99719238,0.998664794922,WALK,POSITIVE,PASSIVE_ACCEPTED,SUPERVISED
JF,20,1507.99719238,1.00533146159,PRAISE,POSITIVE,UNPROMPTED,SUPERVISED
JF,20,1511.99731445,1.00799820964,ANIMATION,POSITIVE,UNPROMPTED,SUPERVISED
JF,20,1540.99719238,1.02733146159,CHECKPRE,SYMPATHETIC,UNPROMPTED,SUPERVISED
JF,20,1655.99719238,1.10399812826,CHALLENGE,SYMPATHETIC,PASSIVE_ACCEPTED,SUPERVISED
JF,20,1672.99682617,1.11533121745,CHALLENGE,SYMPATHETIC,REFUSED,SUPERVISED
JF,20,1687.99719238,1.1253314615899999,CHALLENGE,SYMPATHETIC,REFUSED,SUPERVISED
JF,20,1710.99719238,1.1406647949200002,CHALLENGE,SYMPATHETIC,PASSIVE_ACCEPTED,SUPERVISED
JF,20,1728.99719238,1.1526647949200002,CHALLENGE,SYMPATHETIC,REFUSED,SUPERVISED
JF,20,1749.99719238,1.1666647949200002,SYMPATHISE,SYMPATHETIC,PASSIVE_ACCEPTED,SUPERVISED
JF,20,1772.99743652,1.1819982910200002,SYMPATHISE,SYMPATHETIC,REFUSED,SUPERVISED
JF,20,1785.99694824,1.19066463216,SYMPATHISE,SYMPATHETIC,REFUSED,SUPERVISED
JF,20,1797.99719238,1.1986647949200002,CHALLENGE,CHALLENGING,REFUSED,SUPERVISED
JF,21,6.996369838710001,0.00388687213262,PRAISE,POSITIVE,REFUSED,SUPERVISED
JF,21,23.9958171844,0.0133310095469,MAINTAIN,POSITIVE,VALIDATED,SUPERVISED
JF,21,40.9963531494,0.0227757517497,MAINTAIN,POSITIVE,REFUSED,SUPERVISED
JF,21,55.9963378906,0.0311090766059,MAINTAIN,POSITIVE,VALIDATED,SUPERVISED
JF,21,61.9964179993,0.034442454444,HUMOUR,POSITIVE,UNPROMPTED,SUPERVISED
JF,21,68.9963531494,0.0383313073052,HUMOUR,POSITIVE,REFUSED,SUPERVISED
JF,21,87.9963989258,0.0488868882921,SYMPATHISE,SYMPATHETIC,REFUSED,SUPERVISED
JF,21,106.996429443,0.0594424608019,CHALLENGE,SYMPATHETIC,VALIDATED,SUPERVISED
JF,21,119.996444702,0.0666646915012,CHALLENGE,SYMPATHETIC,REFUSED,SUPERVISED
JF,21,137.99642944299998,0.07666468302410001,CHALLENGE,SYMPATHETIC,REFUSED,SUPERVISED
JF,21,153.996398926,0.0855535549588,SYMPATHISE,SYMPATHETIC,REFUSED,SUPERVISED
JF,21,172.996383667,0.0961091020372,PRAISE,POSITIVE,VALIDATED,SUPERVISED
JF,21,189.996414185,0.10555356343599999,PRAISE,POSITIVE,REFUSED,SUPERVISED
JF,21,206.996414185,0.11499800787999999,MAINTAIN,POSITIVE,REFUSED,SUPERVISED
JF,21,224.99644470200002,0.124998024835,MAINTAIN,POSITIVE,REFUSED,SUPERVISED
JF,21,240.99639892599998,0.133886888292,PRAISE,POSITIVE,UNPROMPTED,SUPERVISED
JF,21,242.99642944299998,0.134998016357,MAINTAIN,POSITIVE,VALIDATED,SUPERVISED
JF,21,259.996398926,0.144442443848,MAINTAIN,POSITIVE,REFUSED,SUPERVISED
JF,21,274.99636840799997,0.152775760227,MAINTAIN,POSITIVE,REFUSED,SUPERVISED
JF,21,289.99636840799997,0.16110909356,TIME,POSITIVE,UNPROMPTED,SUPERVISED
JF,21,292.995880127,0.162775488959,MAINTAIN,POSITIVE,VALIDATED,SUPERVISED
JF,21,305.996429443,0.169998016357,MAINTAIN,POSITIVE,REFUSED,SUPERVISED
JF,21,323.996154785,0.17999786377000002,MAINTAIN,POSITIVE,REFUSED,SUPERVISED
JF,21,343.995513916,0.191108618842,TIME,POSITIVE,PASSIVE_ACCEPTED,SUPERVISED
JF,21,357.996398926,0.198886888292,MAINTAIN,POSITIVE,REFUSED,SUPERVISED
JF,21,374.995849609,0.208331027561,MAINTAIN,POSITIVE,REFUSED,SUPERVISED
JF,21,387.996368408,0.21555353800500002,TIME,POSITIVE,REFUSED,SUPERVISED
JF,21,403.996368408,0.224442426893,TIME,POSITIVE,REFUSED,SUPERVISED
JF,21,419.99645996099997,0.233331366645,PRAISE,POSITIVE,VALIDATED,SUPERVISED
JF,21,433.99645996099997,0.241109144423,MAINTAIN,POSITIVE,VALIDATED,SUPERVISED
JF,21,448.996337891,0.24944240993900002,MAINTAIN,POSITIVE,REFUSED,SUPERVISED
JF,21,466.996368408,0.259442426893,MAINTAIN,POSITIVE,REFUSED,SUPERVISED
JF,21,483.996429443,0.268886905246,TIME,POSITIVE,REFUSED,SUPERVISED
JF,21,498.995758057,0.277219865587,PRAISE,POSITIVE,REFUSED,SUPERVISED
JF,21,518.996398926,0.288331332737,PRAISE,POSITIVE,REFUSED,SUPERVISED
JF,21,537.996459961,0.298886922201,PRAISE,POSITIVE,VALIDATED,SUPERVISED
JF,21,543.99621582,0.3022201199,CHALLENGE,SYMPATHETIC,UNPROMPTED,SUPERVISED
JF,21,554.995605469,0.308330891927,CHALLENGE,SYMPATHETIC,REFUSED,SUPERVISED
JF,21,569.996459961,0.316664699978,PRAISE,POSITIVE,REFUSED,SUPERVISED
JF,21,584.996398926,0.324997999403,PRAISE,POSITIVE,REFUSED,SUPERVISED
JF,21,601.996276855,0.334442376031,MAINTAIN,POSITIVE,REFUSED,SUPERVISED
JF,21,619.99597168,0.34444220648900004,MAINTAIN,POSITIVE,REFUSED,SUPERVISED
JF,21,636.995910645,0.353886617025,PRAISE,POSITIVE,REFUSED,SUPERVISED
JF,21,654.99597168,0.363886650933,MAINTAIN,POSITIVE,REFUSED,SUPERVISED
JF,21,673.995483398,0.374441935221,MAINTAIN,POSITIVE,REFUSED,SUPERVISED
JF,21,691.9963989260001,0.384442443848,PRAISE,POSITIVE,VALIDATED,SUPERVISED
JF,21,704.996459961,0.391664699978,PRAISE,POSITIVE,REFUSED,SUPERVISED
JF,21,719.996459961,0.399998033312,PRAISE,POSITIVE,REFUSED,SUPERVISED
JF,21,736.996337891,0.409442409939,TIME,POSITIVE,REFUSED,SUPERVISED
JF,21,751.9956054689999,0.417775336372,PRAISE,POSITIVE,REFUSED,SUPERVISED
JF,21,769.995544434,0.427775302463,PRAISE,POSITIVE,REFUSED,SUPERVISED
JF,21,777.9963989260001,0.432220221625,CHECKPRE,SYMPATHETIC,UNPROMPTED,SUPERVISED
JF,21,785.996459961,0.436664699978,PRAISE,POSITIVE,REFUSED,SUPERVISED
JF,21,798.9963989260001,0.443886888292,PRAISE,POSITIVE,REFUSED,SUPERVISED
JF,21,799.9963989260001,0.444442443848,PRAISE,SYMPATHETIC,UNPROMPTED,SUPERVISED
JF,21,810.9963989260001,0.45055355495899996,PRAISE,POSITIVE,REFUSED,SUPERVISED
JF,21,822.99609375,0.45722005208300004,PRAISE,POSITIVE,REFUSED,SUPERVISED
JF,21,833.9963989260001,0.463331332737,PRAISE,POSITIVE,REFUSED,SUPERVISED
JF,21,838.9963989260001,0.466109110514,CHALLENGE,CHALLENGING,UNPROMPTED,SUPERVISED
JF,21,846.995544434,0.47055308024099995,CHALLENGE,CHALLENGING,REFUSED,SUPERVISED
JF,21,849.996276855,0.472220153809,HUMOUR,POSITIVE,UNPROMPTED,SUPERVISED
JF,21,861.9963989260001,0.478886888292,HUMOUR,POSITIVE,REFUSED,SUPERVISED
JF,21,874.995727539,0.486108737522,HUMOUR,POSITIVE,REFUSED,SUPERVISED
JF,21,893.995910645,0.496664394803,HUMOUR,POSITIVE,REFUSED,SUPERVISED
JF,21,909.99621582,0.505553453234,TIME,POSITIVE,UNPROMPTED,SUPERVISED
JF,21,912.9965209960001,0.507220289442,HUMOUR,POSITIVE,VALIDATED,SUPERVISED
JF,21,926.9963989260001,0.5149979994030001,TIME,POSITIVE,REFUSED,SUPERVISED
JF,21,939.9963989260001,0.522220221625,HUMOUR,POSITIVE,REFUSED,SUPERVISED
JF,21,954.9963989260001,0.530553554959,HUMOUR,POSITIVE,REFUSED,SUPERVISED
JF,21,967.996154785,0.5377756415470001,TIME,POSITIVE,REFUSED,SUPERVISED
JF,21,981.996459961,0.545553588867,HUMOUR,POSITIVE,REFUSED,SUPERVISED
JF,21,989.996459961,0.549998033312,PRAISE,POSITIVE,UNPROMPTED,SUPERVISED
JF,21,995.996459961,0.5533313666449999,PRAISE,POSITIVE,REFUSED,SUPERVISED
JF,21,998.9963989260001,0.554997999403,MAINTAIN,POSITIVE,UNPROMPTED,SUPERVISED
JF,21,1007.99645996,0.559998033312,MAINTAIN,POSITIVE,REFUSED,SUPERVISED
JF,21,1024.99645996,0.569442477756,MAINTAIN,POSITIVE,REFUSED,SUPERVISED
JF,21,1043.99645996,0.5799980333120001,MAINTAIN,POSITIVE,REFUSED,SUPERVISED
JF,21,1060.99572754,0.589442070855,MAINTAIN,POSITIVE,REFUSED,SUPERVISED
JF,21,1080.99633789,0.6005535210499999,PRAISE,POSITIVE,VALIDATED,SUPERVISED
JF,21,1093.99597168,0.6077755398219999,PRAISE,POSITIVE,REFUSED,SUPERVISED
JF,21,1111.99597168,0.617775539822,PRAISE,POSITIVE,REFUSED,SUPERVISED
JF,21,1125.99609375,0.625553385417,PRAISE,POSITIVE,REFUSED,SUPERVISED
JF,21,1140.99609375,0.63388671875,PRAISE,POSITIVE,REFUSED,SUPERVISED
JF,21,1152.99645996,0.640553588867,PRAISE,POSITIVE,REFUSED,SUPERVISED
JF,21,1170.99645996,0.650553588867,PRAISE,POSITIVE,REFUSED,SUPERVISED
JF,21,1186.99645996,0.6594424777560001,PRAISE,POSITIVE,REFUSED,SUPERVISED
JF,21,1198.99645996,0.666109144423,PRAISE,SYMPATHETIC,UNPROMPTED,SUPERVISED
JF,21,1200.99621582,0.6672201199000001,PRAISE,POSITIVE,REFUSED,SUPERVISED
JF,21,1203.99645996,0.668886922201,TIME,POSITIVE,UNPROMPTED,SUPERVISED
JF,21,1209.99645996,0.672220255534,MAINTAIN,POSITIVE,UNPROMPTED,SUPERVISED
JF,21,1213.99645996,0.674442477756,TIME,POSITIVE,REFUSED,SUPERVISED
JF,21,1225.99645996,0.6811091444230001,MAINTAIN,POSITIVE,REFUSED,SUPERVISED
JF,21,1244.99645996,0.691664699978,MAINTAIN,POSITIVE,REFUSED,SUPERVISED
JF,21,1261.99645996,0.7011091444230001,MAINTAIN,POSITIVE,REFUSED,SUPERVISED
JF,21,1275.99645996,0.708886922201,MAINTAIN,POSITIVE,REFUSED,SUPERVISED
JF,21,1278.99633789,0.71055352105,CHALLENGE,SYMPATHETIC,UNPROMPTED,SUPERVISED
JF,21,1291.99645996,0.7177758110889999,SYMPATHISE,SYMPATHETIC,REFUSED,SUPERVISED
JF,21,1308.99633789,0.7272201877169999,PRAISE,SYMPATHETIC,REFUSED,SUPERVISED
JF,21,1327.99633789,0.737775743273,SYMPATHISE,SYMPATHETIC,REFUSED,SUPERVISED
JF,21,1346.99645996,0.748331366645,SYMPATHISE,SYMPATHETIC,VALIDATED,SUPERVISED
JF,21,1359.99633789,0.7555535210500001,CHALLENGE,SYMPATHETIC,REFUSED,SUPERVISED
JF,21,1376.99645996,0.764998033312,SYMPATHISE,SYMPATHETIC,REFUSED,SUPERVISED
JF,21,1396.9954834,0.776108601888,SYMPATHISE,SYMPATHETIC,VALIDATED,SUPERVISED
JF,21,1408.9954834,0.782775268555,SYMPATHISE,SYMPATHETIC,REFUSED,SUPERVISED
JF,21,1426.99645996,0.792775811089,SYMPATHISE,SYMPATHETIC,REFUSED,SUPERVISED
JF,21,1428.99633789,0.793886854384,TIME,SYMPATHETIC,UNPROMPTED,SUPERVISED
JF,21,1439.99645996,0.799998033312,SYMPATHISE,SYMPATHETIC,REFUSED,SUPERVISED
JF,21,1442.99633789,0.801664632161,PRAISE,POSITIVE,UNPROMPTED,SUPERVISED
JF,21,1457.99645996,0.809998033312,PRAISE,POSITIVE,REFUSED,SUPERVISED
JF,21,1465.99645996,0.814442477756,TIME,CHALLENGING,UNPROMPTED,SUPERVISED
JF,21,1467.99633789,0.81555352105,PRAISE,POSITIVE,VALIDATED,SUPERVISED
JF,21,1480.99560547,0.822775336372,PRAISE,POSITIVE,REFUSED,SUPERVISED
JF,21,1497.99609375,0.832220052083,WALK,POSITIVE,VALIDATED,SUPERVISED
JF,21,1512.99633789,0.84055352105,PRAISE,POSITIVE,REFUSED,SUPERVISED
JF,21,1520.99645996,0.8449980333120001,PRAISE,SYMPATHETIC,UNPROMPTED,SUPERVISED
JF,21,1531.99645996,0.8511091444230001,PRAISE,SYMPATHETIC,VALIDATED,SUPERVISED
JF,21,1546.99645996,0.859442477756,PRAISE,SYMPATHETIC,REFUSED,SUPERVISED
JF,21,1557.99645996,0.8655535888670001,CHECKPRE,SYMPATHETIC,UNPROMPTED,SUPERVISED
JF,21,1680.99645996,0.933886922201,PRAISE,SYMPATHETIC,UNPROMPTED,SUPERVISED
JF,21,1683.99645996,0.935553588867,PRAISE,SYMPATHETIC,REFUSED,SUPERVISED
JF,21,1695.99584961,0.9422199164499999,PRAISE,SYMPATHETIC,REFUSED,SUPERVISED
JF,21,1769.99572754,0.983330959744,SYMPATHISE,SYMPATHETIC,UNPROMPTED,SUPERVISED
JF,22,10.9963560104,0.005553715156789999,PRAISE,POSITIVE,PASSIVE_ACCEPTED,SUPERVISED
JF,22,45.995803833000004,0.0232302039561,MAINTAIN,POSITIVE,VALIDATED,SUPERVISED
JF,22,84.9958190918,0.0429271813595,CHALLENGE,SYMPATHETIC,VALIDATED,SUPERVISED
JF,22,119.996444702,0.06060426500109999,CHALLENGE,SYMPATHETIC,VALIDATED,SUPERVISED
JF,22,159.995544434,0.080805830522,CHALLENGE,SYMPATHETIC,VALIDATED,SUPERVISED
JF,22,173.995819092,0.08787667630899999,MAINTAIN,POSITIVE,UNPROMPTED,SUPERVISED
JF,22,191.99642944299998,0.09696789365830001,CHALLENGE,SYMPATHETIC,REFUSED,SUPERVISED
JF,22,226.99575805700002,0.11464432225099999,CHALLENGE,SYMPATHETIC,REFUSED,SUPERVISED
JF,22,265.995758057,0.134341291948,SYMPATHISE,SYMPATHETIC,REFUSED,SUPERVISED
JF,22,297.996337891,0.150503200955,PRAISE,SYMPATHETIC,UNPROMPTED,SUPERVISED
JF,22,303.99572753900003,0.153533195727,SYMPATHISE,SYMPATHETIC,VALIDATED,SUPERVISED
JF,22,342.99572753900003,0.173230165424,PRAISE,SYMPATHETIC,VALIDATED,SUPERVISED
JF,22,367.995819092,0.18585647428899998,PRAISE,POSITIVE,UNPROMPTED,SUPERVISED
JF,22,371.996429443,0.187876984567,TIME,POSITIVE,UNPROMPTED,SUPERVISED
JF,22,374.995758057,0.189391796998,PRAISE,POSITIVE,REFUSED,SUPERVISED
JF,22,411.996398926,0.20807898935600003,PRAISE,SYMPATHETIC,REFUSED,SUPERVISED
JF,22,420.995819092,0.212624151056,TIME,POSITIVE,UNPROMPTED,SUPERVISED
JF,22,445.996337891,0.225250675702,TIME,POSITIVE,REFUSED,SUPERVISED
JF,22,451.996276855,0.228280947907,CHALLENGE,SYMPATHETIC,UNPROMPTED,SUPERVISED
JF,22,483.995788574,0.24444231746199999,PRAISE,SYMPATHETIC,REFUSED,SUPERVISED
JF,22,519.9958496090001,0.262624166469,CHALLENGE,SYMPATHETIC,REFUSED,SUPERVISED
JF,22,549.9958496090001,0.27777568162099997,PRAISE,POSITIVE,UNPROMPTED,SUPERVISED
JF,22,551.996398926,0.27878606006400003,SYMPATHISE,SYMPATHETIC,REFUSED,SUPERVISED
JF,22,559.995727539,0.28282612502,MAINTAIN,POSITIVE,UNPROMPTED,SUPERVISED
JF,22,589.995422363,0.29797748604200003,CHALLENGE,SYMPATHETIC,REFUSED,SUPERVISED
JF,22,628.996398926,0.317674948952,CHALLENGE,SYMPATHETIC,REFUSED,SUPERVISED
JF,22,659.99597168,0.333331298828,PRAISE,SYMPATHETIC,UNPROMPTED,SUPERVISED
JF,22,661.995727539,0.33434127653499995,SYMPATHISE,SYMPATHETIC,REFUSED,SUPERVISED
JF,22,669.9958496090001,0.338381742227,CHALLENGE,CHALLENGING,UNPROMPTED,SUPERVISED
JF,22,695.995727539,0.351512993707,PRAISE,SYMPATHETIC,REFUSED,SUPERVISED
JF,22,704.995727539,0.356058448252,PRAISE,SYMPATHETIC,UNPROMPTED,SUPERVISED
JF,22,735.996459961,0.371715383819,PRAISE,SYMPATHETIC,REFUSED,SUPERVISED
JF,22,774.996459961,0.391412353516,PRAISE,SYMPATHETIC,VALIDATED,SUPERVISED
JF,22,800.9957885739999,0.40454332756300004,MAINTAIN,POSITIVE,UNPROMPTED,SUPERVISED
JF,22,806.995727539,0.407573599767,PRAISE,SYMPATHETIC,REFUSED,SUPERVISED
JF,22,846.995849609,0.42777568162100005,PRAISE,SYMPATHETIC,VALIDATED,SUPERVISED
JF,22,884.9963989260001,0.446967878245,PRAISE,SYMPATHETIC,REFUSED,SUPERVISED
JF,22,916.9957885739999,0.463129186149,PRAISE,SYMPATHETIC,REFUSED,SUPERVISED
JF,22,951.995727539,0.48080592299999997,PRAISE,SYMPATHETIC,REFUSED,SUPERVISED
JF,22,965.995727539,0.48787663007,PRAISE,POSITIVE,UNPROMPTED,SUPERVISED
JF,22,989.9957885739999,0.49999787301700005,MAINTAIN,POSITIVE,VALIDATED,SUPERVISED
JF,22,1008.99633789,0.5095941100460001,CHALLENGE,SYMPATHETIC,UNPROMPTED,SUPERVISED
JF,22,1029.99572754,0.520199862393,PRAISE,POSITIVE,PASSIVE_ACCEPTED,SUPERVISED
JF,22,1069.99633789,0.540402190854,PRAISE,POSITIVE,VALIDATED,SUPERVISED
JF,22,1073.99633789,0.542422392874,CHALLENGE,CHALLENGING,UNPROMPTED,SUPERVISED
JF,22,1108.99645996,0.560099222202,CHALLENGE,CHALLENGING,VALIDATED,SUPERVISED
JF,22,1141.99645996,0.576765888869,CHALLENGE,CHALLENGING,REFUSED,SUPERVISED
JF,22,1174.99584961,0.5934322472770001,CHALLENGE,CHALLENGING,REFUSED,SUPERVISED
JF,22,1194.99633789,0.603533503985,TIME,POSITIVE,UNPROMPTED,SUPERVISED
JF,22,1198.99584961,0.6055534593990001,MAINTAIN,POSITIVE,UNPROMPTED,SUPERVISED
JF,22,1211.99645996,0.612119424223,MAINTAIN,POSITIVE,REFUSED,SUPERVISED
JF,22,1243.99584961,0.628280732126,MAINTAIN,POSITIVE,REFUSED,SUPERVISED
JF,22,1259.99572754,0.636361478555,CHECKPRE,SYMPATHETIC,UNPROMPTED,SUPERVISED
JF,22,1277.99645996,0.645452757556,TIME,POSITIVE,REFUSED,SUPERVISED
JF,22,1277.99645996,0.645452757556,PRAISE,POSITIVE,UNPROMPTED,SUPERVISED
JF,22,1281.99584961,0.647472651318,CHALLENGE,SYMPATHETIC,UNPROMPTED,SUPERVISED
JF,22,1316.99572754,0.6651493573430001,SYMPATHISE,SYMPATHETIC,VALIDATED,SUPERVISED
JF,22,1353.99633789,0.6838365342880001,SYMPATHISE,SYMPATHETIC,REFUSED,SUPERVISED
JF,22,1363.99572754,0.68888673108,PRAISE,POSITIVE,UNPROMPTED,SUPERVISED
JF,22,1391.99572754,0.7030281452220001,PRAISE,POSITIVE,REFUSED,SUPERVISED
JF,22,1430.99572754,0.7227251149189999,PRAISE,POSITIVE,VALIDATED,SUPERVISED
JF,22,1444.99645996,0.7297961918989999,HUMOUR,POSITIVE,UNPROMPTED,SUPERVISED
JF,22,1465.99584961,0.7404019442470001,PRAISE,POSITIVE,REFUSED,SUPERVISED
JF,22,1489.99645996,0.7525234646269999,PRAISE,SYMPATHETIC,UNPROMPTED,SUPERVISED
JF,22,1496.99633789,0.7560587565100001,PRAISE,POSITIVE,REFUSED,SUPERVISED
JF,22,1499.99572754,0.7575735997669999,CHALLENGE,CHALLENGING,UNPROMPTED,SUPERVISED
JF,22,1502.99633789,0.759089059541,GET_CLOSER,CHALLENGING,UNPROMPTED,SUPERVISED
JF,22,1535.99621582,0.775755664556,CHALLENGE,CHALLENGING,VALIDATED,SUPERVISED
JF,22,1542.99584961,0.779290833136,TIME,SYMPATHETIC,UNPROMPTED,SUPERVISED
JF,22,1574.99572754,0.7954523876459999,CHALLENGE,CHALLENGING,VALIDATED,SUPERVISED
JF,22,1590.99572754,0.803533195727,TIME,CHALLENGING,UNPROMPTED,SUPERVISED
JF,22,1613.99560547,0.815149295691,TIME,CHALLENGING,VALIDATED,SUPERVISED
JF,22,1615.99584961,0.8161595200049999,GET_CLOSER,CHALLENGING,UNPROMPTED,SUPERVISED
JF,22,1629.99536133,0.8232299804690001,PRAISE,POSITIVE,UNPROMPTED,SUPERVISED
JF,22,1645.99633789,0.8313112817630001,GET_CLOSER,CHALLENGING,VALIDATED,SUPERVISED
JF,22,1647.99633789,0.832321382773,PRAISE,SYMPATHETIC,UNPROMPTED,SUPERVISED
JF,22,1658.99572754,0.83787663007,TIME,CHALLENGING,UNPROMPTED,SUPERVISED
JF,22,1677.99572754,0.847472589666,WALK,SYMPATHETIC,PASSIVE_ACCEPTED,SUPERVISED
JF,22,1718.99633789,0.868179968632,PRAISE,SYMPATHETIC,PASSIVE_ACCEPTED,SUPERVISED
JF,22,1752.99572754,0.885351377545,CHECKPRE,SYMPATHETIC,VALIDATED,SUPERVISED
JF,22,1792.99584961,0.905553459399,PRAISE,POSITIVE,PASSIVE_ACCEPTED,SUPERVISED
JF,22,1825.99584961,0.922220126065,CHALLENGE,SYMPATHETIC,REFUSED,SUPERVISED
JF,23,10.9966964722,0.005553887107159999,PRAISE,POSITIVE,PASSIVE_ACCEPTED,AUTONOMOUS
JF,23,50.996757507299996,0.025755938135000003,SYMPATHISE,SYMPATHETIC,PASSIVE_ACCEPTED,AUTONOMOUS
JF,23,90.9967269897,0.0459579429241,SYMPATHISE,SYMPATHETIC,PASSIVE_ACCEPTED,AUTONOMOUS
JF,23,130.996765137,0.0661599823923,CHALLENGE,SYMPATHETIC,PASSIVE_ACCEPTED,AUTONOMOUS
JF,23,170.996490479,0.086361863878,SYMPATHISE,SYMPATHETIC,PASSIVE_ACCEPTED,AUTONOMOUS
JF,23,210.99671936,0.106563999677,CHALLENGE,SYMPATHETIC,PASSIVE_ACCEPTED,AUTONOMOUS
JF,23,250.996749878,0.126766035292,CHALLENGE,SYMPATHETIC,PASSIVE_ACCEPTED,AUTONOMOUS
JF,23,290.996704102,0.146968032375,PRAISE,SYMPATHETIC,PASSIVE_ACCEPTED,AUTONOMOUS
JF,23,330.996765137,0.16717008340199999,PRAISE,SYMPATHETIC,PASSIVE_ACCEPTED,AUTONOMOUS
JF,23,370.99676513699995,0.187372103604,PRAISE,SYMPATHETIC,PASSIVE_ACCEPTED,AUTONOMOUS
JF,23,410.99670410199997,0.207574092981,PRAISE,SYMPATHETIC,PASSIVE_ACCEPTED,AUTONOMOUS
JF,23,450.996734619,0.227776128596,CHALLENGE,SYMPATHETIC,PASSIVE_ACCEPTED,AUTONOMOUS
JF,23,490.99670410199997,0.247978133385,CHALLENGE,SYMPATHETIC,PASSIVE_ACCEPTED,AUTONOMOUS
JF,23,530.9968261719999,0.268180215238,SYMPATHISE,SYMPATHETIC,PASSIVE_ACCEPTED,AUTONOMOUS
JF,23,570.996704102,0.288382173789,PRAISE,SYMPATHETIC,PASSIVE_ACCEPTED,AUTONOMOUS
JF,23,610.9968261719999,0.308584255642,PRAISE,SYMPATHETIC,PASSIVE_ACCEPTED,AUTONOMOUS
JF,23,650.996765137,0.328786245019,PRAISE,SYMPATHETIC,PASSIVE_ACCEPTED,AUTONOMOUS
JF,23,690.996704102,0.348988234395,PRAISE,SYMPATHETIC,PASSIVE_ACCEPTED,AUTONOMOUS
JF,23,730.996765137,0.36919028542300003,PRAISE,SYMPATHETIC,PASSIVE_ACCEPTED,AUTONOMOUS
JF,23,770.996704102,0.389392274799,PRAISE,SYMPATHETIC,PASSIVE_ACCEPTED,AUTONOMOUS
JF,23,810.996704102,0.40959429500100003,PRAISE,SYMPATHETIC,PASSIVE_ACCEPTED,AUTONOMOUS
JF,23,850.996704102,0.429796315203,MAINTAIN,POSITIVE,PASSIVE_ACCEPTED,AUTONOMOUS
JF,23,890.996704102,0.449998335405,PRAISE,SYMPATHETIC,PASSIVE_ACCEPTED,AUTONOMOUS
JF,23,930.996337891,0.470200170652,PRAISE,SYMPATHETIC,PASSIVE_ACCEPTED,AUTONOMOUS
JF,23,970.996704102,0.490402375809,PRAISE,POSITIVE,PASSIVE_ACCEPTED,AUTONOMOUS
JF,23,1010.9967041000001,0.5106043960109999,SYMPATHISE,SYMPATHETIC,PASSIVE_ACCEPTED,AUTONOMOUS
JF,23,1050.9967041000002,0.530806416213,PRAISE,POSITIVE,PASSIVE_ACCEPTED,AUTONOMOUS
JF,23,1090.9967041,0.5510084364150001,CHALLENGE,CHALLENGING,PASSIVE_ACCEPTED,AUTONOMOUS
JF,23,1130.99658203,0.571210394965,CHALLENGE,CHALLENGING,PASSIVE_ACCEPTED,AUTONOMOUS
JF,23,1170.9967041,0.591412476819,MAINTAIN,POSITIVE,PASSIVE_ACCEPTED,AUTONOMOUS
JF,23,1210.9967041,0.611614497021,TIME,POSITIVE,PASSIVE_ACCEPTED,AUTONOMOUS
JF,23,1250.9967041,0.631816517223,MAINTAIN,POSITIVE,PASSIVE_ACCEPTED,AUTONOMOUS
JF,23,1290.9967041,0.652018537425,MAINTAIN,POSITIVE,PASSIVE_ACCEPTED,AUTONOMOUS
JF,23,1330.9967041,0.6722205576270001,MAINTAIN,POSITIVE,PASSIVE_ACCEPTED,AUTONOMOUS
JF,23,1370.9967041,0.6924225778290001,MAINTAIN,POSITIVE,PASSIVE_ACCEPTED,AUTONOMOUS
JF,23,1410.99597168,0.7126242281209999,MAINTAIN,POSITIVE,PASSIVE_ACCEPTED,AUTONOMOUS
JF,23,1450.9967041,0.732826618233,MAINTAIN,POSITIVE,PASSIVE_ACCEPTED,AUTONOMOUS
JF,23,1490.9967041,0.753028638435,MAINTAIN,POSITIVE,PASSIVE_ACCEPTED,AUTONOMOUS
JF,23,1530.9967041,0.773230658637,MAINTAIN,POSITIVE,PASSIVE_ACCEPTED,AUTONOMOUS
JF,23,1570.9967041,0.793432678839,CHECKPRE,SYMPATHETIC,PASSIVE_ACCEPTED,AUTONOMOUS
JF,23,1610.99682617,0.813634760693,TIME,POSITIVE,PASSIVE_ACCEPTED,AUTONOMOUS
JF,23,1650.99658203,0.8338366575920001,TIME,POSITIVE,PASSIVE_ACCEPTED,AUTONOMOUS
JF,23,1677.9967040999998,0.84747308288,WALK,POSITIVE,PASSIVE_ACCEPTED,AUTONOMOUS
JF,23,1717.9967040999998,0.867675103082,PRAISE,POSITIVE,PASSIVE_ACCEPTED,AUTONOMOUS
JF,23,1757.9967040999998,0.887877123284,PRAISE,POSITIVE,PASSIVE_ACCEPTED,AUTONOMOUS
JF,23,1797.9967040999998,0.908079143486,PRAISE,POSITIVE,PASSIVE_ACCEPTED,AUTONOMOUS
JF,23,1837.99645996,0.928281040384,SYMPATHISE,SYMPATHETIC,PASSIVE_ACCEPTED,AUTONOMOUS
JF,23,1877.99645996,0.948483060586,SYMPATHISE,SYMPATHETIC,PASSIVE_ACCEPTED,AUTONOMOUS
JF,23,1917.9967040999998,0.968685204092,SYMPATHISE,SYMPATHETIC,PASSIVE_ACCEPTED,AUTONOMOUS
JF,23,1957.99682617,0.9888872859450001,SYMPATHISE,SYMPATHETIC,PASSIVE_ACCEPTED,AUTONOMOUS
JF,24,10.995540618900002,0.00555330334288,PRAISE,POSITIVE,PASSIVE_ACCEPTED,AUTONOMOUS
JF,24,50.9955062866,0.0257553062054,CHALLENGE,SYMPATHETIC,PASSIVE_ACCEPTED,AUTONOMOUS
JF,24,90.995475769,0.0459573109945,SYMPATHISE,SYMPATHETIC,PASSIVE_ACCEPTED,AUTONOMOUS
JF,24,130.995498657,0.0661593427562,SYMPATHISE,SYMPATHETIC,PASSIVE_ACCEPTED,AUTONOMOUS
JF,24,170.99566650399998,0.0863614477292,SYMPATHISE,SYMPATHETIC,PASSIVE_ACCEPTED,AUTONOMOUS
JF,24,210.995513916,0.106563390867,SYMPATHISE,SYMPATHETIC,PASSIVE_ACCEPTED,AUTONOMOUS
JF,24,250.995529175,0.126765418775,SYMPATHISE,SYMPATHETIC,PASSIVE_ACCEPTED,AUTONOMOUS
JF,24,290.994873047,0.146967107599,PRAISE,SYMPATHETIC,PASSIVE_ACCEPTED,AUTONOMOUS
JF,24,330.995574951,0.167169482299,PRAISE,SYMPATHETIC,PASSIVE_ACCEPTED,AUTONOMOUS
JF,24,370.995513916,0.187371471675,PRAISE,SYMPATHETIC,PASSIVE_ACCEPTED,AUTONOMOUS
JF,24,410.995544434,0.20757350729000001,PRAISE,SYMPATHETIC,PASSIVE_ACCEPTED,AUTONOMOUS
JF,24,450.995544434,0.227775527492,PRAISE,SYMPATHETIC,PASSIVE_ACCEPTED,AUTONOMOUS
JF,24,490.995544434,0.24797754769400002,CHALLENGE,SYMPATHETIC,PASSIVE_ACCEPTED,AUTONOMOUS
JF,24,530.9955444340001,0.268179567896,CHALLENGE,SYMPATHETIC,PASSIVE_ACCEPTED,AUTONOMOUS
JF,24,570.995605469,0.288381618924,PRAISE,SYMPATHETIC,PASSIVE_ACCEPTED,AUTONOMOUS
JF,24,610.995117188,0.30858339251899997,PRAISE,SYMPATHETIC,PASSIVE_ACCEPTED,AUTONOMOUS
JF,24,650.995605469,0.32878565932799997,PRAISE,SYMPATHETIC,PASSIVE_ACCEPTED,AUTONOMOUS
JF,24,690.995422363,0.348987587052,PRAISE,SYMPATHETIC,PASSIVE_ACCEPTED,AUTONOMOUS
JF,24,730.995544434,0.369189668906,PRAISE,SYMPATHETIC,PASSIVE_ACCEPTED,AUTONOMOUS
JF,24,770.995483398,0.38939165828199995,PRAISE,SYMPATHETIC,PASSIVE_ACCEPTED,AUTONOMOUS
JF,24,810.995483398,0.40959367848399997,PRAISE,SYMPATHETIC,PASSIVE_ACCEPTED,AUTONOMOUS
JF,24,850.995178223,0.42979554455700003,PRAISE,SYMPATHETIC,PASSIVE_ACCEPTED,AUTONOMOUS
JF,24,890.995483398,0.44999771888800005,PRAISE,SYMPATHETIC,PASSIVE_ACCEPTED,AUTONOMOUS
JF,24,930.995544434,0.470199769916,PRAISE,POSITIVE,PASSIVE_ACCEPTED,AUTONOMOUS
JF,24,970.995483398,0.49040175929200003,PRAISE,POSITIVE,PASSIVE_ACCEPTED,AUTONOMOUS
JF,24,1010.99523926,0.510603656191,PRAISE,POSITIVE,PASSIVE_ACCEPTED,AUTONOMOUS
JF,24,1050.9954833999998,0.530805799696,PRAISE,POSITIVE,PASSIVE_ACCEPTED,AUTONOMOUS
JF,24,1090.9954834,0.551007819898,CHALLENGE,CHALLENGING,PASSIVE_ACCEPTED,AUTONOMOUS
JF,24,1130.9954834,0.5712098401,CHALLENGE,CHALLENGING,PASSIVE_ACCEPTED,AUTONOMOUS
JF,24,1170.9954834,0.591411860302,TIME,POSITIVE,PASSIVE_ACCEPTED,AUTONOMOUS
JF,24,1210.99560547,0.611613942156,TIME,POSITIVE,PASSIVE_ACCEPTED,AUTONOMOUS
JF,24,1250.9954834,0.631815900706,MAINTAIN,POSITIVE,PASSIVE_ACCEPTED,AUTONOMOUS
JF,24,1290.99560547,0.6520179825600001,MAINTAIN,POSITIVE,PASSIVE_ACCEPTED,AUTONOMOUS
JF,24,1330.9954834,0.67221994111,MAINTAIN,POSITIVE,PASSIVE_ACCEPTED,AUTONOMOUS
JF,24,1370.99523926,0.6924218380089999,MAINTAIN,POSITIVE,PASSIVE_ACCEPTED,AUTONOMOUS
JF,24,1410.9954834,0.712623981514,MAINTAIN,POSITIVE,PASSIVE_ACCEPTED,AUTONOMOUS
JF,24,1450.9954834,0.732826001716,MAINTAIN,POSITIVE,PASSIVE_ACCEPTED,AUTONOMOUS
JF,24,1490.9954834,0.753028021918,MAINTAIN,POSITIVE,PASSIVE_ACCEPTED,AUTONOMOUS
JF,24,1530.9954834,0.77323004212,MAINTAIN,POSITIVE,PASSIVE_ACCEPTED,AUTONOMOUS
JF,24,1570.9954834,0.7934320623219999,CHECKPRE,SYMPATHETIC,PASSIVE_ACCEPTED,AUTONOMOUS
JF,24,1610.9954834,0.8136340825239999,TIME,CHALLENGING,PASSIVE_ACCEPTED,AUTONOMOUS
JF,24,1650.9954834,0.833836102726,GET_CLOSER,CHALLENGING,PASSIVE_ACCEPTED,AUTONOMOUS
JF,24,1677.9954834000002,0.847472466363,WALK,CHALLENGING,PASSIVE_ACCEPTED,AUTONOMOUS
JF,24,1717.9954834000002,0.867674486565,PRAISE,SYMPATHETIC,PASSIVE_ACCEPTED,AUTONOMOUS
JF,24,1757.9954834000002,0.8878765067669999,CHECKPRE,SYMPATHETIC,PASSIVE_ACCEPTED,AUTONOMOUS
JF,24,1797.9954834000002,0.9080785269689999,SYMPATHISE,SYMPATHETIC,PASSIVE_ACCEPTED,AUTONOMOUS
JF,24,1837.9954834000002,0.928280547171,CHALLENGE,SYMPATHETIC,PASSIVE_ACCEPTED,AUTONOMOUS
JF,24,1877.9954834000002,0.948482567373,SYMPATHISE,SYMPATHETIC,PASSIVE_ACCEPTED,AUTONOMOUS
JF,24,1917.9954834000002,0.968684587575,SYMPATHISE,SYMPATHETIC,PASSIVE_ACCEPTED,AUTONOMOUS
JF,24,1957.9954834000002,0.9888866077770001,CHALLENGE,SYMPATHETIC,PASSIVE_ACCEPTED,AUTONOMOUS
JF,26,10.997581481900001,0.00523694356283,TIME,SYMPATHETIC,PASSIVE_ACCEPTED,AUTONOMOUS
JF,26,50.997543335,0.0242845444452,PRAISE,POSITIVE,PASSIVE_ACCEPTED,AUTONOMOUS
JF,26,90.99780273440001,0.0433322870164,PRAISE,POSITIVE,PASSIVE_ACCEPTED,AUTONOMOUS
JF,26,130.997787476,0.062379898797900006,PRAISE,POSITIVE,PASSIVE_ACCEPTED,AUTONOMOUS
JF,26,170.997772217,0.0814275105794,SYMPATHISE,SYMPATHETIC,PASSIVE_ACCEPTED,AUTONOMOUS
JF,26,210.99714660599997,0.100474831717,SYMPATHISE,SYMPATHETIC,PASSIVE_ACCEPTED,AUTONOMOUS
JF,26,250.99774169900002,0.119522734142,CHALLENGE,SYMPATHETIC,PASSIVE_ACCEPTED,AUTONOMOUS
JF,26,290.997802734,0.138570382254,MAINTAIN,POSITIVE,PASSIVE_ACCEPTED,AUTONOMOUS
JF,26,330.997802734,0.15761800130200002,SYMPATHISE,SYMPATHETIC,PASSIVE_ACCEPTED,AUTONOMOUS
JF,26,370.997802734,0.17666562035,MAINTAIN,POSITIVE,PASSIVE_ACCEPTED,AUTONOMOUS
JF,26,410.997772217,0.19571322486499998,PRAISE,POSITIVE,PASSIVE_ACCEPTED,AUTONOMOUS
JF,26,450.997802734,0.214760858445,PRAISE,POSITIVE,PASSIVE_ACCEPTED,AUTONOMOUS
JF,26,490.997772217,0.23380846296,PRAISE,POSITIVE,PASSIVE_ACCEPTED,AUTONOMOUS
JF,26,530.9978027340001,0.25285609654,PRAISE,POSITIVE,PASSIVE_ACCEPTED,AUTONOMOUS
JF,26,570.9974975590001,0.271903570266,PRAISE,POSITIVE,PASSIVE_ACCEPTED,AUTONOMOUS
JF,26,610.9978027340001,0.290951334635,PRAISE,POSITIVE,PASSIVE_ACCEPTED,AUTONOMOUS
JF,26,650.9978027340001,0.30999895368299996,PRAISE,POSITIVE,PASSIVE_ACCEPTED,AUTONOMOUS
JF,26,690.9976196289999,0.32904648553800003,PRAISE,POSITIVE,PASSIVE_ACCEPTED,AUTONOMOUS
JF,26,730.9976196289999,0.34809410458499995,PRAISE,POSITIVE,PASSIVE_ACCEPTED,AUTONOMOUS
JF,26,770.9977416989999,0.367141781762,PRAISE,POSITIVE,PASSIVE_ACCEPTED,AUTONOMOUS
JF,26,810.9975585939999,0.38618931361599995,PRAISE,POSITIVE,PASSIVE_ACCEPTED,AUTONOMOUS
JF,26,850.9975585939999,0.405236932664,PRAISE,POSITIVE,PASSIVE_ACCEPTED,AUTONOMOUS
JF,26,890.9975585939999,0.424284551711,PRAISE,POSITIVE,PASSIVE_ACCEPTED,AUTONOMOUS
JF,26,930.9973144530001,0.443332054501,PRAISE,POSITIVE,PASSIVE_ACCEPTED,AUTONOMOUS
JF,26,970.9976196289999,0.46237981887100005,PRAISE,POSITIVE,PASSIVE_ACCEPTED,AUTONOMOUS
JF,26,1010.99737549,0.48142732166100005,PRAISE,POSITIVE,PASSIVE_ACCEPTED,AUTONOMOUS
JF,26,1050.99707031,0.500474795387,SYMPATHISE,SYMPATHETIC,PASSIVE_ACCEPTED,AUTONOMOUS
JF,26,1090.99755859,0.519522646949,CHALLENGE,SYMPATHETIC,PASSIVE_ACCEPTED,AUTONOMOUS
JF,26,1130.99755859,0.538570265997,CHALLENGE,SYMPATHETIC,PASSIVE_ACCEPTED,AUTONOMOUS
JF,26,1170.99780273,0.557618001302,SYMPATHISE,SYMPATHETIC,PASSIVE_ACCEPTED,AUTONOMOUS
JF,26,1210.99755859,0.576665504092,PRAISE,POSITIVE,PASSIVE_ACCEPTED,AUTONOMOUS
JF,26,1250.99755859,0.5957131231399999,MAINTAIN,POSITIVE,PASSIVE_ACCEPTED,AUTONOMOUS
JF,26,1290.99768066,0.614760800316,CHALLENGE,SYMPATHETIC,PASSIVE_ACCEPTED,AUTONOMOUS
JF,26,1330.99755859,0.633808361235,SYMPATHISE,SYMPATHETIC,PASSIVE_ACCEPTED,AUTONOMOUS
JF,26,1370.99780273,0.65285609654,CHALLENGE,SYMPATHETIC,PASSIVE_ACCEPTED,AUTONOMOUS
JF,26,1410.9979248,0.671903773717,CHALLENGE,SYMPATHETIC,PASSIVE_ACCEPTED,AUTONOMOUS
JF,26,1450.99694824,0.6909509277339999,PRAISE,SYMPATHETIC,PASSIVE_ACCEPTED,AUTONOMOUS
JF,26,1490.99780273,0.709998953683,PRAISE,SYMPATHETIC,PASSIVE_ACCEPTED,AUTONOMOUS
JF,26,1530.99780273,0.729046572731,PRAISE,SYMPATHETIC,PASSIVE_ACCEPTED,AUTONOMOUS
JF,26,1570.99768066,0.74809413365,PRAISE,SYMPATHETIC,PASSIVE_ACCEPTED,AUTONOMOUS
JF,26,1610.99780273,0.767141810826,PRAISE,SYMPATHETIC,PASSIVE_ACCEPTED,AUTONOMOUS
JF,26,1650.99780273,0.786189429874,TIME,SYMPATHETIC,PASSIVE_ACCEPTED,AUTONOMOUS
JF,26,1690.99719238,0.805236758278,TIME,SYMPATHETIC,PASSIVE_ACCEPTED,AUTONOMOUS
JF,26,1730.99780273,0.824284667969,TIME,SYMPATHETIC,PASSIVE_ACCEPTED,AUTONOMOUS
JF,26,1770.99755859,0.843332170759,PRAISE,SYMPATHETIC,PASSIVE_ACCEPTED,AUTONOMOUS
JF,26,1797.99755859,0.8561893136159999,WALK,SYMPATHETIC,PASSIVE_ACCEPTED,AUTONOMOUS
JF,26,1837.99694824,0.8752366420200001,CHECKPRE,SYMPATHETIC,PASSIVE_ACCEPTED,AUTONOMOUS
JF,26,1877.99780273,0.8942846679690001,CHECKPRE,SYMPATHETIC,PASSIVE_ACCEPTED,AUTONOMOUS
JF,26,1917.99780273,0.913332287016,CHECKPRE,SYMPATHETIC,PASSIVE_ACCEPTED,AUTONOMOUS
JF,26,1957.99755859,0.932379789807,CHECKPRE,SYMPATHETIC,PASSIVE_ACCEPTED,AUTONOMOUS
JF,26,1997.99780273,0.9514275251119999,CHECKPRE,SYMPATHETIC,PASSIVE_ACCEPTED,AUTONOMOUS
JF,26,2037.99755859,0.9704750279019999,PRAISE,SYMPATHETIC,PASSIVE_ACCEPTED,AUTONOMOUS
JF,26,2077.99780273,0.9895227632070001,PRAISE,SYMPATHETIC,PASSIVE_ACCEPTED,AUTONOMOUS
