MR,16,10.997902870199999,0.007637432548729999,PRAISE,POSITIVE,PASSIVE_ACCEPTED,SUPERVISED
MR,16,43.9984016418,0.0305544455846,PRAISE,POSITIVE,REFUSED,SUPERVISED
MR,16,78.9977416992,0.0548595428467,CHALLENGE,SYMPATHETIC,VALIDATED,SUPERVISED
MR,16,118.997550964,0.0826371881697,CHALLENGE,SYMPATHETIC,VALIDATED,SUPERVISED
MR,16,123.997833252,0.086109606425,MAINTAIN,POSITIVE,UNPROMPTED,SUPERVISED
MR,16,156.99838256799998,0.109026654561,MAINTAIN,POSITIVE,VALIDATED,SUPERVISED
MR,16,195.998199463,0.136109860738,MAINTAIN,POSITIVE,REFUSED,SUPERVISED
MR,16,219.99841308599997,0.152776675754,TIME,POSITIVE,UNPROMPTED,SUPERVISED
MR,16,227.998214722,0.15833209355699998,TIME,POSITIVE,REFUSED,SUPERVISED
MR,16,260.998077393,0.181248664856,TIME,POSITIVE,REFUSED,SUPERVISED
MR,16,271.998352051,0.18888774447999998,PRAISE,POSITIVE,UNPROMPTED,SUPERVISED
MR,16,275.99832153299997,0.191665501065,TIME,POSITIVE,UNPROMPTED,SUPERVISED
MR,16,297.998382568,0.206943321228,WALK,POSITIVE,VALIDATED,SUPERVISED
MR,16,333.998138428,0.231943151686,PRAISE,SYMPATHETIC,VALIDATED,SUPERVISED
MR,16,372.998382568,0.259026654561,PRAISE,SYMPATHETIC,REFUSED,SUPERVISED
MR,16,379.998382568,0.263887765672,SYMPATHISE,SYMPATHETIC,UNPROMPTED,SUPERVISED
MR,16,406.998352051,0.28263774448,MAINTAIN,POSITIVE,VALIDATED,SUPERVISED
MR,16,440.998077393,0.306248664856,MAINTAIN,POSITIVE,REFUSED,SUPERVISED
MR,16,459.998382568,0.319443321228,CHALLENGE,CHALLENGING,UNPROMPTED,SUPERVISED
MR,16,477.99841308599997,0.331943342421,RUN,POSITIVE,PASSIVE_ACCEPTED,SUPERVISED
MR,16,515.99810791,0.358332019382,PRAISE,POSITIVE,UNPROMPTED,SUPERVISED
MR,16,517.998413086,0.359721120199,MAINTAIN,POSITIVE,VALIDATED,SUPERVISED
MR,16,552.998046875,0.384026421441,PRAISE,POSITIVE,REFUSED,SUPERVISED
MR,16,591.99810791,0.41110979715999996,PRAISE,POSITIVE,REFUSED,SUPERVISED
MR,16,605.998352051,0.420832188924,PRAISE,SYMPATHETIC,UNPROMPTED,SUPERVISED
MR,16,626.997436523,0.435414886475,PRAISE,POSITIVE,VALIDATED,SUPERVISED
MR,16,630.998413086,0.438193342421,CHALLENGE,SYMPATHETIC,UNPROMPTED,SUPERVISED
MR,16,652.998352051,0.453471077813,MAINTAIN,POSITIVE,UNPROMPTED,SUPERVISED
MR,16,658.997680664,0.45763727823899997,SYMPATHISE,SYMPATHETIC,REFUSED,SUPERVISED
MR,16,696.99810791,0.484026463826,MAINTAIN,POSITIVE,VALIDATED,SUPERVISED
MR,16,736.99810791,0.5118042416040001,PRAISE,POSITIVE,VALIDATED,SUPERVISED
MR,16,758.9983520510001,0.5270821889239999,PRAISE,SYMPATHETIC,UNPROMPTED,SUPERVISED
MR,16,768.998413086,0.534026675754,MAINTAIN,POSITIVE,REFUSED,SUPERVISED
MR,16,788.9983520510001,0.547915522257,TIME,POSITIVE,UNPROMPTED,SUPERVISED
MR,16,791.998413086,0.549998897976,CHALLENGE,CHALLENGING,UNPROMPTED,SUPERVISED
MR,16,800.99810791,0.556248686049,TIME,POSITIVE,REFUSED,SUPERVISED
MR,16,826.998168945,0.57430428399,PRAISE,POSITIVE,UNPROMPTED,SUPERVISED
MR,16,833.99810791,0.579165352715,PRAISE,POSITIVE,REFUSED,SUPERVISED
MR,16,840.998413086,0.584026675754,TIME,SYMPATHETIC,UNPROMPTED,SUPERVISED
MR,16,844.997924805,0.586804114448,TIME,CHALLENGING,UNPROMPTED,SUPERVISED
MR,16,849.998413086,0.590276675754,GET_CLOSER,CHALLENGING,UNPROMPTED,SUPERVISED
MR,16,865.9983520510001,0.60138774448,GET_CLOSER,CHALLENGING,VALIDATED,SUPERVISED
MR,16,866.9983520510001,0.602082188924,TIME,CHALLENGING,UNPROMPTED,SUPERVISED
MR,16,879.998413086,0.611110009087,TIME,CHALLENGING,UNPROMPTED,SUPERVISED
MR,16,893.9983520510001,0.6208321889239999,PRAISE,POSITIVE,UNPROMPTED,SUPERVISED
MR,16,896.9983520510001,0.622915522257,PRAISE,POSITIVE,REFUSED,SUPERVISED
MR,16,914.998413086,0.635415564643,TIME,CHALLENGING,UNPROMPTED,SUPERVISED
MR,16,935.998291016,0.649998813205,TIME,CHALLENGING,VALIDATED,SUPERVISED
MR,16,936.99810791,0.650693130493,GET_CLOSER,CHALLENGING,UNPROMPTED,SUPERVISED
MR,16,957.9983520510001,0.665276633369,WALK,SYMPATHETIC,PASSIVE_ACCEPTED,SUPERVISED
MR,16,968.9983520510001,0.672915522257,PRAISE,SYMPATHETIC,UNPROMPTED,SUPERVISED
MR,16,974.99810791,0.677082019382,CHECKPRE,SYMPATHETIC,UNPROMPTED,SUPERVISED
MR,16,990.9983520510001,0.688193300035,CHECKPRE,SYMPATHETIC,REFUSED,SUPERVISED
MR,16,1022.99835205,0.7104155222570001,TIME,SYMPATHETIC,REFUSED,SUPERVISED
MR,16,1024.99804688,0.7118041992190001,CHALLENGE,CHALLENGING,UNPROMPTED,SUPERVISED
MR,16,1044.99841309,0.725693342421,PRAISE,POSITIVE,UNPROMPTED,SUPERVISED
MR,16,1058.99816895,0.7354153951010001,PRAISE,POSITIVE,REFUSED,SUPERVISED
MR,16,1097.99829102,0.762498813205,CHALLENGE,SYMPATHETIC,VALIDATED,SUPERVISED
MR,16,1124.99804688,0.7812486436630001,CHALLENGE,CHALLENGING,UNPROMPTED,SUPERVISED
MR,16,1137.99841309,0.790276675754,RUN,CHALLENGING,VALIDATED,SUPERVISED
MR,16,1169.99804688,0.8124986436630001,SYMPATHISE,SYMPATHETIC,REFUSED,SUPERVISED
MR,16,1170.99841309,0.813193342421,PRAISE,SYMPATHETIC,UNPROMPTED,SUPERVISED
MR,16,1178.99755859,0.818748304579,MAINTAIN,POSITIVE,UNPROMPTED,SUPERVISED
MR,16,1206.99841309,0.838193342421,PRAISE,POSITIVE,REFUSED,SUPERVISED
MR,16,1240.99841309,0.8618044535320001,PRAISE,POSITIVE,REFUSED,SUPERVISED
MR,16,1259.99804688,0.8749986436630001,TIME,POSITIVE,UNPROMPTED,SUPERVISED
MR,16,1263.99816895,0.877776506212,TIME,POSITIVE,UNPROMPTED,SUPERVISED
MR,16,1273.99841309,0.884721120199,TIME,POSITIVE,REFUSED,SUPERVISED
MR,16,1305.99804688,0.9069430881080001,PRAISE,POSITIVE,REFUSED,SUPERVISED
MR,16,1316.99829102,0.9145821465389999,CHALLENGE,SYMPATHETIC,UNPROMPTED,SUPERVISED
MR,16,1339.99829102,0.9305543687610001,PRAISE,POSITIVE,REFUSED,SUPERVISED
MR,16,1362.99841309,0.946526675754,PRAISE,SYMPATHETIC,UNPROMPTED,SUPERVISED
MR,16,1364.99816895,0.9479153951010001,TIME,SYMPATHETIC,UNPROMPTED,SUPERVISED
MR,16,1370.99841309,0.95208223131,TIME,SYMPATHETIC,REFUSED,SUPERVISED
MR,16,1388.99804688,0.964581976997,GET_CLOSER,CHALLENGING,UNPROMPTED,SUPERVISED
MR,16,1388.99804688,0.964581976997,TIME,CHALLENGING,UNPROMPTED,SUPERVISED
MR,16,1402.99804688,0.974304199219,CHALLENGE,CHALLENGING,UNPROMPTED,SUPERVISED
MR,16,1408.99804688,0.978470865885,TIME,CHALLENGING,REFUSED,SUPERVISED
MR,16,1419.99841309,0.9861100090870001,PRAISE,SYMPATHETIC,UNPROMPTED,SUPERVISED
MR,17,10.9953079224,0.0079676144365,PRAISE,POSITIVE,PASSIVE_ACCEPTED,SUPERVISED
MR,17,50.9952583313,0.0369530857473,CHALLENGE,SYMPATHETIC,PASSIVE_ACCEPTED,SUPERVISED
MR,17,80.9954071045,0.058692323988800005,PRAISE,SYMPATHETIC,UNPROMPTED,SUPERVISED
MR,17,83.9952850342,0.0608661485755,MAINTAIN,POSITIVE,UNPROMPTED,SUPERVISED
MR,17,85.9949264526,0.062315164096099995,SYMPATHISE,SYMPATHETIC,REFUSED,SUPERVISED
MR,17,124.99524688700001,0.09057626586030001,MAINTAIN,POSITIVE,VALIDATED,SUPERVISED
MR,17,164.995239258,0.119561767578,MAINTAIN,POSITIVE,VALIDATED,SUPERVISED
MR,17,199.995254517,0.144924097476,MAINTAIN,POSITIVE,REFUSED,SUPERVISED
MR,17,235.99433898900003,0.171010390572,MAINTAIN,POSITIVE,REFUSED,SUPERVISED
MR,17,236.995254517,0.171735691679,PRAISE,POSITIVE,UNPROMPTED,SUPERVISED
MR,17,275.99523925799997,0.199996550187,PRAISE,POSITIVE,PASSIVE_ACCEPTED,SUPERVISED
MR,17,309.99523925799997,0.224634231346,MAINTAIN,POSITIVE,REFUSED,SUPERVISED
MR,17,328.99523925799997,0.238402347288,PRAISE,POSITIVE,UNPROMPTED,SUPERVISED
MR,17,332.995269775,0.241300920127,CHALLENGE,CHALLENGING,UNPROMPTED,SUPERVISED
MR,17,341.995300293,0.247822681372,CHALLENGE,CHALLENGING,REFUSED,SUPERVISED
MR,17,378.995300293,0.27463427557500003,CHALLENGE,CHALLENGING,REFUSED,SUPERVISED
MR,17,416.995269775,0.30217048534400004,CHALLENGE,CHALLENGING,VALIDATED,SUPERVISED
MR,17,423.994415283,0.307242329915,TIME,SYMPATHETIC,UNPROMPTED,SUPERVISED
MR,17,454.995239258,0.32970669511399997,CHALLENGE,CHALLENGING,REFUSED,SUPERVISED
MR,17,488.995269775,0.35434439838799997,TIME,SYMPATHETIC,REFUSED,SUPERVISED
MR,17,491.995269775,0.356518311431,PRAISE,POSITIVE,UNPROMPTED,SUPERVISED
MR,17,495.995269775,0.359416862156,TIME,POSITIVE,UNPROMPTED,SUPERVISED
MR,17,526.995300293,0.381880652386,PRAISE,POSITIVE,VALIDATED,SUPERVISED
MR,17,532.9952392580001,0.38622843424500003,TIME,CHALLENGING,UNPROMPTED,SUPERVISED
MR,17,566.995300293,0.410866159633,TIME,CHALLENGING,VALIDATED,SUPERVISED
MR,17,568.9952392580001,0.412315390767,GET_CLOSER,CHALLENGING,UNPROMPTED,SUPERVISED
MR,17,597.9952392580001,0.43332988351999996,WALK,POSITIVE,PASSIVE_ACCEPTED,SUPERVISED
MR,17,619.9952392580001,0.449271912506,PRAISE,SYMPATHETIC,UNPROMPTED,SUPERVISED
MR,17,625.9952392580001,0.45361973859300003,CHECKPRE,SYMPATHETIC,UNPROMPTED,SUPERVISED
MR,17,629.995300293,0.45651833354599997,CHECKPRE,SYMPATHETIC,REFUSED,SUPERVISED
MR,17,668.9949951169999,0.48477898196900004,SYMPATHISE,SYMPATHETIC,VALIDATED,SUPERVISED
MR,17,707.9952392580001,0.513040028448,MAINTAIN,POSITIVE,VALIDATED,SUPERVISED
MR,17,745.9952392580001,0.540576260332,MAINTAIN,POSITIVE,REFUSED,SUPERVISED
MR,17,763.995300293,0.553619782821,MAINTAIN,POSITIVE,UNPROMPTED,SUPERVISED
MR,17,777.9952392580001,0.563764666129,RUN,CHALLENGING,VALIDATED,SUPERVISED
MR,17,812.9949951169999,0.589126808056,PRAISE,POSITIVE,VALIDATED,SUPERVISED
MR,17,819.9952392580001,0.594199448738,MAINTAIN,POSITIVE,UNPROMPTED,SUPERVISED
MR,17,849.9952392580001,0.615938579172,PRAISE,POSITIVE,REFUSED,SUPERVISED
MR,17,869.995483398,0.630431509709,CHALLENGE,SYMPATHETIC,UNPROMPTED,SUPERVISED
MR,17,879.995300293,0.637677753835,CHALLENGE,SYMPATHETIC,VALIDATED,SUPERVISED
MR,17,914.9948730469999,0.663039763077,SYMPATHISE,SYMPATHETIC,REFUSED,SUPERVISED
MR,17,949.9952392580001,0.688402347288,PRAISE,SYMPATHETIC,UNPROMPTED,SUPERVISED
MR,17,953.9952392580001,0.691300898013,CHALLENGE,SYMPATHETIC,VALIDATED,SUPERVISED
MR,17,990.9952392580001,0.7181124922159999,PRAISE,SYMPATHETIC,REFUSED,SUPERVISED
MR,17,1029.99536133,0.7463734502380001,CHALLENGE,SYMPATHETIC,REFUSED,SUPERVISED
MR,17,1059.99536133,0.768112580673,PRAISE,SYMPATHETIC,VALIDATED,SUPERVISED
MR,17,1079.99523926,0.782605245839,TIME,POSITIVE,UNPROMPTED,SUPERVISED
MR,17,1092.99523926,0.792025535694,PRAISE,SYMPATHETIC,REFUSED,SUPERVISED
MR,17,1131.9942627,0.820285697605,PRAISE,SYMPATHETIC,VALIDATED,SUPERVISED
MR,17,1167.99523926,0.8463733617810001,TIME,POSITIVE,VALIDATED,SUPERVISED
MR,17,1172.99523926,0.849996550187,CHALLENGE,CHALLENGING,UNPROMPTED,SUPERVISED
MR,17,1206.99523926,0.8746342313459999,CHALLENGE,CHALLENGING,REFUSED,SUPERVISED
MR,17,1230.99523926,0.892025535694,PRAISE,SYMPATHETIC,UNPROMPTED,SUPERVISED
MR,17,1238.99523926,0.897822637143,PRAISE,SYMPATHETIC,REFUSED,SUPERVISED
MR,17,1250.9942627,0.906517581663,TIME,CHALLENGING,UNPROMPTED,SUPERVISED
MR,17,1264.99523926,0.9166632168529999,TIME,SYMPATHETIC,UNPROMPTED,SUPERVISED
MR,17,1267.99523926,0.9188371298970001,CHALLENGE,CHALLENGING,UNPROMPTED,SUPERVISED
MR,17,1270.99523926,0.92101104294,TIME,SYMPATHETIC,REFUSED,SUPERVISED
MR,17,1292.99536133,0.9369531603829999,CHALLENGE,CHALLENGING,UNPROMPTED,SUPERVISED
MR,17,1303.99523926,0.944924086419,CHALLENGE,CHALLENGING,REFUSED,SUPERVISED
MR,17,1310.99523926,0.949996550187,PRAISE,POSITIVE,UNPROMPTED,SUPERVISED
MR,17,1335.99523926,0.9681124922159999,PRAISE,POSITIVE,VALIDATED,SUPERVISED
MR,17,1339.99523926,0.97101104294,TIME,CHALLENGING,UNPROMPTED,SUPERVISED
MR,17,1347.99523926,0.97680814439,TIME,CHALLENGING,UNPROMPTED,SUPERVISED
MR,17,1356.99487305,0.98332961815,TIME,CHALLENGING,UNPROMPTED,SUPERVISED
MR,17,1369.99523926,0.992750173375,TIME,CHALLENGING,VALIDATED,SUPERVISED
MR,18,5.994840621950001,0.0033304670121899996,CHALLENGE,CHALLENGING,REFUSED,SUPERVISED
MR,18,24.9951820374,0.013886212242999999,MAINTAIN,POSITIVE,UNPROMPTED,SUPERVISED
MR,18,43.994884491,0.024441602495,MAINTAIN,POSITIVE,REFUSED,SUPERVISED
MR,18,68.9948577881,0.038330476548900004,PRAISE,POSITIVE,UNPROMPTED,SUPERVISED
MR,18,78.9951629639,0.0438862016466,MAINTAIN,POSITIVE,VALIDATED,SUPERVISED
MR,18,113.99492645299999,0.0633305146959,PRAISE,POSITIVE,REFUSED,SUPERVISED
MR,18,121.994529724,0.0677747387356,SYMPATHISE,SYMPATHETIC,UNPROMPTED,SUPERVISED
MR,18,148.994247437,0.08277458190919999,PRAISE,POSITIVE,VALIDATED,SUPERVISED
MR,18,157.99432373,0.0877746242947,SPEEDDOWN,SYMPATHETIC,UNPROMPTED,SUPERVISED
MR,18,181.99488830599998,0.101108271281,PRAISE,POSITIVE,REFUSED,SUPERVISED
MR,18,184.994232178,0.102774573432,CHALLENGE,SYMPATHETIC,UNPROMPTED,SUPERVISED
MR,18,220.99519348099997,0.12277510749000002,CHALLENGE,SYMPATHETIC,VALIDATED,SUPERVISED
MR,18,254.995147705,0.141663970947,SPEEDDOWN,SYMPATHETIC,REFUSED,SUPERVISED
MR,18,269.995178223,0.149997321235,PRAISE,SYMPATHETIC,UNPROMPTED,SUPERVISED
MR,18,277.994812012,0.154441562229,PRAISE,POSITIVE,UNPROMPTED,SUPERVISED
MR,18,279.99484252900004,0.155552690294,CHALLENGE,SYMPATHETIC,UNPROMPTED,SUPERVISED
MR,18,286.99520874,0.159441782633,CHALLENGE,SYMPATHETIC,REFUSED,SUPERVISED
MR,18,321.995147705,0.178886193169,SYMPATHISE,SYMPATHETIC,REFUSED,SUPERVISED
MR,18,344.99517822300004,0.191663987901,PRAISE,SYMPATHETIC,UNPROMPTED,SUPERVISED
MR,18,355.99484252900004,0.19777491251600002,PRAISE,SYMPATHETIC,REFUSED,SUPERVISED
MR,18,389.99487304699994,0.216663818359,PRAISE,SYMPATHETIC,VALIDATED,SUPERVISED
MR,18,417.99517822300004,0.232219543457,SPEEDDOWN,SYMPATHETIC,UNPROMPTED,SUPERVISED
MR,18,422.994232178,0.234996795654,SPEEDDOWN,SYMPATHETIC,REFUSED,SUPERVISED
MR,18,449.994903564,0.249997168647,PRAISE,POSITIVE,UNPROMPTED,SUPERVISED
MR,18,454.99481201199995,0.252774895562,PRAISE,POSITIVE,REFUSED,SUPERVISED
MR,18,492.99459838900003,0.27388588799400004,PRAISE,POSITIVE,REFUSED,SUPERVISED
MR,18,500.99484252900004,0.278330468072,MAINTAIN,POSITIVE,UNPROMPTED,SUPERVISED
MR,18,530.995117188,0.294997287326,PRAISE,POSITIVE,UNPROMPTED,SUPERVISED
MR,18,531.994934082,0.295552741157,MAINTAIN,POSITIVE,VALIDATED,SUPERVISED
MR,18,565.994812012,0.314441562229,PRAISE,POSITIVE,REFUSED,SUPERVISED
MR,18,589.9948730469999,0.32777492947,PRAISE,SYMPATHETIC,UNPROMPTED,SUPERVISED
MR,18,596.99420166,0.331663445367,PRAISE,POSITIVE,REFUSED,SUPERVISED
MR,18,599.9948730469999,0.333330485026,CHECKPRE,SYMPATHETIC,UNPROMPTED,SUPERVISED
MR,18,634.99420166,0.352774556478,MAINTAIN,POSITIVE,REFUSED,SUPERVISED
MR,18,645.994262695,0.358885701497,PRAISE,POSITIVE,UNPROMPTED,SUPERVISED
MR,18,657.9952392580001,0.365552910699,SPEEDDOWN,SYMPATHETIC,UNPROMPTED,SUPERVISED
MR,18,674.995178223,0.37499732123499996,PRAISE,POSITIVE,VALIDATED,SUPERVISED
MR,18,710.994934082,0.39499718560099994,PRAISE,POSITIVE,REFUSED,SUPERVISED
MR,18,720.99420166,0.400552334256,CHALLENGE,SYMPATHETIC,UNPROMPTED,SUPERVISED
MR,18,744.995117188,0.413886176215,CHECKPRE,SYMPATHETIC,REFUSED,SUPERVISED
MR,18,749.995178223,0.416663987901,CHALLENGE,SYMPATHETIC,UNPROMPTED,SUPERVISED
MR,18,777.9948730469999,0.43221937391500004,CHALLENGE,SYMPATHETIC,REFUSED,SUPERVISED
MR,18,800.994812012,0.444997117784,PRAISE,POSITIVE,UNPROMPTED,SUPERVISED
MR,18,804.995178223,0.44721954345700005,CHALLENGE,CHALLENGING,UNPROMPTED,SUPERVISED
MR,18,809.994812012,0.449997117784,CHALLENGE,CHALLENGING,REFUSED,SUPERVISED
MR,18,832.994262695,0.462774590386,PRAISE,POSITIVE,UNPROMPTED,SUPERVISED
MR,18,841.994812012,0.46777489556199997,PRAISE,POSITIVE,REFUSED,SUPERVISED
MR,18,870.99420166,0.48388566758900003,PRAISE,POSITIVE,UNPROMPTED,SUPERVISED
MR,18,873.995056152,0.485552808974,PRAISE,POSITIVE,REFUSED,SUPERVISED
MR,18,913.994812012,0.507774895562,PRAISE,POSITIVE,PASSIVE_ACCEPTED,SUPERVISED
MR,18,913.994812012,0.507774895562,PRAISE,POSITIVE,UNPROMPTED,SUPERVISED
MR,18,929.994812012,0.516663784451,TIME,POSITIVE,UNPROMPTED,SUPERVISED
MR,18,953.99420166,0.5299967787,TIME,POSITIVE,VALIDATED,SUPERVISED
MR,18,988.9952392580001,0.549441799588,TIME,POSITIVE,REFUSED,SUPERVISED
MR,18,1020.99517822,0.567219543457,PRAISE,POSITIVE,REFUSED,SUPERVISED
MR,18,1024.99511719,0.569441731771,CHALLENGE,CHALLENGING,UNPROMPTED,SUPERVISED
MR,18,1039.9942627,0.577774590386,CHALLENGE,CHALLENGING,UNPROMPTED,SUPERVISED
MR,18,1051.9942627,0.584441257053,CHALLENGE,CHALLENGING,REFUSED,SUPERVISED
MR,18,1083.99511719,0.6022195095489999,CHALLENGE,CHALLENGING,REFUSED,SUPERVISED
MR,18,1112.99487305,0.618330485026,PRAISE,SYMPATHETIC,UNPROMPTED,SUPERVISED
MR,18,1115.9942627,0.619996812609,PRAISE,SYMPATHETIC,REFUSED,SUPERVISED
MR,18,1148.99450684,0.638330281576,PRAISE,SYMPATHETIC,REFUSED,SUPERVISED
MR,18,1160.99487305,0.644997151693,CHALLENGE,SYMPATHETIC,UNPROMPTED,SUPERVISED
MR,18,1188.99487305,0.660552707248,PRAISE,SYMPATHETIC,PASSIVE_ACCEPTED,SUPERVISED
MR,18,1215.99511719,0.675552842882,MAINTAIN,POSITIVE,UNPROMPTED,SUPERVISED
MR,18,1220.99487305,0.678330485026,PRAISE,SYMPATHETIC,REFUSED,SUPERVISED
MR,18,1224.99511719,0.680552842882,PRAISE,POSITIVE,UNPROMPTED,SUPERVISED
MR,18,1258.9942627,0.6994412570530001,MAINTAIN,POSITIVE,REFUSED,SUPERVISED
MR,18,1296.9942627,0.720552368164,PRAISE,POSITIVE,VALIDATED,SUPERVISED
MR,18,1321.9942627,0.734441257053,PRAISE,SYMPATHETIC,UNPROMPTED,SUPERVISED
MR,18,1323.99414062,0.735552300347,TIME,SYMPATHETIC,UNPROMPTED,SUPERVISED
MR,18,1332.99450684,0.7405525037980001,TIME,SYMPATHETIC,REFUSED,SUPERVISED
MR,18,1344.9942627,0.7472190348309999,TIME,CHALLENGING,UNPROMPTED,SUPERVISED
MR,18,1371.99511719,0.762219509549,TIME,CHALLENGING,VALIDATED,SUPERVISED
MR,18,1407.99414062,0.782218967014,CHALLENGE,CHALLENGING,UNPROMPTED,SUPERVISED
MR,18,1410.99511719,0.783886176215,TIME,CHALLENGING,VALIDATED,SUPERVISED
MR,18,1428.99475098,0.7938859727650001,TIME,SYMPATHETIC,UNPROMPTED,SUPERVISED
MR,18,1429.99462891,0.794441460503,PRAISE,POSITIVE,UNPROMPTED,SUPERVISED
MR,18,1441.99487305,0.8011082628039999,PRAISE,POSITIVE,REFUSED,SUPERVISED
MR,18,1459.99414062,0.8111078559029999,TIME,CHALLENGING,UNPROMPTED,SUPERVISED
MR,18,1480.99511719,0.822775065104,TIME,CHALLENGING,VALIDATED,SUPERVISED
MR,18,1497.9942627,0.832219034831,WALK,POSITIVE,PASSIVE_ACCEPTED,SUPERVISED
MR,18,1535.9942627,0.853330145942,CHECKPRE,SYMPATHETIC,VALIDATED,SUPERVISED
MR,18,1546.9942627,0.859441257053,PRAISE,SYMPATHETIC,UNPROMPTED,SUPERVISED
MR,18,1570.9942627,0.872774590386,CHECKPRE,SYMPATHETIC,REFUSED,SUPERVISED
MR,18,1587.99438477,0.882219102648,PRAISE,SYMPATHETIC,UNPROMPTED,SUPERVISED
MR,18,1596.99499512,0.887219441732,ANIMATION,POSITIVE,UNPROMPTED,SUPERVISED
MR,18,1609.9942627,0.894441257053,ANIMATION,POSITIVE,VALIDATED,SUPERVISED
MR,18,1649.99475098,0.916663750543,ANIMATION,POSITIVE,PASSIVE_ACCEPTED,SUPERVISED
MR,18,1684.99414062,0.9361078559029999,ANIMATION,POSITIVE,REFUSED,SUPERVISED
MR,18,1720.99475098,0.956108194987,ANIMATION,POSITIVE,REFUSED,SUPERVISED
MR,18,1721.9942627,0.956663479275,SYMPATHISE,SYMPATHETIC,UNPROMPTED,SUPERVISED
MR,18,1753.99487305,0.974441596137,CHALLENGE,SYMPATHETIC,REFUSED,SUPERVISED
MR,18,1792.99511719,0.996108398437,SYMPATHISE,SYMPATHETIC,REFUSED,SUPERVISED
MR,19,10.995932579000002,0.006108851432800001,PRAISE,POSITIVE,PASSIVE_ACCEPTED,AUTONOMOUS
MR,19,50.9959526062,0.0283310847812,MAINTAIN,POSITIVE,PASSIVE_ACCEPTED,AUTONOMOUS
MR,19,90.9951095581,0.050552838643399996,CHALLENGE,SYMPATHETIC,PASSIVE_ACCEPTED,AUTONOMOUS
MR,19,130.995910645,0.0727755059136,PRAISE,POSITIVE,PASSIVE_ACCEPTED,AUTONOMOUS
MR,19,170.996017456,0.0949977874756,PRAISE,POSITIVE,PASSIVE_ACCEPTED,AUTONOMOUS
MR,19,210.995925903,0.117219958835,PRAISE,POSITIVE,PASSIVE_ACCEPTED,AUTONOMOUS
MR,19,250.995941162,0.139442189535,PRAISE,POSITIVE,PASSIVE_ACCEPTED,AUTONOMOUS
MR,19,290.995941162,0.161664411757,PRAISE,POSITIVE,PASSIVE_ACCEPTED,AUTONOMOUS
MR,19,330.995483398,0.18388637966600002,PRAISE,POSITIVE,PASSIVE_ACCEPTED,AUTONOMOUS
MR,19,370.99594116199995,0.206108856201,PRAISE,POSITIVE,PASSIVE_ACCEPTED,AUTONOMOUS
MR,19,410.99594116199995,0.22833107842300002,MAINTAIN,POSITIVE,PASSIVE_ACCEPTED,AUTONOMOUS
MR,19,450.995758057,0.25055319892,MAINTAIN,POSITIVE,PASSIVE_ACCEPTED,AUTONOMOUS
MR,19,490.99597168,0.272775539822,PRAISE,POSITIVE,PASSIVE_ACCEPTED,AUTONOMOUS
MR,19,530.99597168,0.29499776204399997,CHALLENGE,SYMPATHETIC,PASSIVE_ACCEPTED,AUTONOMOUS
MR,19,570.99597168,0.317219984266,SYMPATHISE,SYMPATHETIC,PASSIVE_ACCEPTED,AUTONOMOUS
MR,19,610.99597168,0.33944220648900003,TIME,POSITIVE,PASSIVE_ACCEPTED,AUTONOMOUS
MR,19,650.99597168,0.361664428711,TIME,POSITIVE,PASSIVE_ACCEPTED,AUTONOMOUS
MR,19,690.99597168,0.383886650933,TIME,POSITIVE,PASSIVE_ACCEPTED,AUTONOMOUS
MR,19,730.9953613280001,0.406108534071,PRAISE,POSITIVE,PASSIVE_ACCEPTED,AUTONOMOUS
MR,19,770.995910645,0.42833106146899996,CHECKPRE,SYMPATHETIC,PASSIVE_ACCEPTED,AUTONOMOUS
MR,19,810.99597168,0.4505533176,PRAISE,POSITIVE,PASSIVE_ACCEPTED,AUTONOMOUS
MR,19,850.995910645,0.47277550591399997,PRAISE,SYMPATHETIC,PASSIVE_ACCEPTED,AUTONOMOUS
MR,19,890.995910645,0.494997728136,PRAISE,SYMPATHETIC,PASSIVE_ACCEPTED,AUTONOMOUS
MR,19,930.995910645,0.5172199503580001,PRAISE,SYMPATHETIC,PASSIVE_ACCEPTED,AUTONOMOUS
MR,19,970.99597168,0.539442206489,PRAISE,SYMPATHETIC,PASSIVE_ACCEPTED,AUTONOMOUS
MR,19,1010.99597168,0.561664428711,PRAISE,SYMPATHETIC,PASSIVE_ACCEPTED,AUTONOMOUS
MR,19,1050.99597168,0.583886650933,PRAISE,SYMPATHETIC,PASSIVE_ACCEPTED,AUTONOMOUS
MR,19,1090.99597168,0.606108873155,PRAISE,SYMPATHETIC,PASSIVE_ACCEPTED,AUTONOMOUS
MR,19,1130.99584961,0.628331027561,ANIMATION,POSITIVE,PASSIVE_ACCEPTED,AUTONOMOUS
MR,19,1170.99597168,0.6505533176,ANIMATION,POSITIVE,PASSIVE_ACCEPTED,AUTONOMOUS
MR,19,1210.99621582,0.6727756754559999,ANIMATION,POSITIVE,PASSIVE_ACCEPTED,AUTONOMOUS
MR,19,1250.99584961,0.694997694227,ANIMATION,POSITIVE,PASSIVE_ACCEPTED,AUTONOMOUS
MR,19,1290.99597168,0.717219984266,CHALLENGE,SYMPATHETIC,PASSIVE_ACCEPTED,AUTONOMOUS
MR,19,1330.99597168,0.739442206489,PRAISE,SYMPATHETIC,PASSIVE_ACCEPTED,AUTONOMOUS
MR,19,1370.99597168,0.7616644287109999,TIME,POSITIVE,PASSIVE_ACCEPTED,AUTONOMOUS
MR,19,1410.99597168,0.783886650933,TIME,POSITIVE,PASSIVE_ACCEPTED,AUTONOMOUS
MR,19,1450.99597168,0.806108873155,TIME,POSITIVE,PASSIVE_ACCEPTED,AUTONOMOUS
MR,19,1490.99597168,0.828331095378,PRAISE,SYMPATHETIC,PASSIVE_ACCEPTED,AUTONOMOUS
MR,19,1501.99597168,0.834442206489,WALK,SYMPATHETIC,PASSIVE_ACCEPTED,AUTONOMOUS
MR,19,1541.99560547,0.8566642252600001,CHECKPRE,SYMPATHETIC,PASSIVE_ACCEPTED,AUTONOMOUS
MR,19,1581.99597168,0.878886650933,PRAISE,SYMPATHETIC,PASSIVE_ACCEPTED,AUTONOMOUS
MR,19,1621.99597168,0.9011088731550001,PRAISE,POSITIVE,PASSIVE_ACCEPTED,AUTONOMOUS
MR,19,1661.99597168,0.923331095378,PRAISE,POSITIVE,PASSIVE_ACCEPTED,AUTONOMOUS
MR,19,1701.99499512,0.945552775065,CHALLENGE,SYMPATHETIC,PASSIVE_ACCEPTED,AUTONOMOUS
MR,19,1741.99536133,0.9677752007379999,SYMPATHISE,SYMPATHETIC,PASSIVE_ACCEPTED,AUTONOMOUS
MR,19,1781.99597168,0.989997762044,SYMPATHISE,SYMPATHETIC,PASSIVE_ACCEPTED,AUTONOMOUS
MR,20,10.9976291656,0.00610979398092,PRAISE,POSITIVE,PASSIVE_ACCEPTED,AUTONOMOUS
MR,20,50.9969711304,0.028331650628,SYMPATHISE,SYMPATHETIC,PASSIVE_ACCEPTED,AUTONOMOUS
MR,20,90.9973983765,0.050554110209099994,PRAISE,POSITIVE,PASSIVE_ACCEPTED,AUTONOMOUS
MR,20,130.997528076,0.0727764044868,PRAISE,POSITIVE,PASSIVE_ACCEPTED,AUTONOMOUS
MR,20,170.997146606,0.0949984147814,PRAISE,POSITIVE,PASSIVE_ACCEPTED,AUTONOMOUS
MR,20,210.997894287,0.117221052382,CHALLENGE,SYMPATHETIC,PASSIVE_ACCEPTED,AUTONOMOUS
MR,20,250.997955322,0.13944330851199999,PRAISE,POSITIVE,PASSIVE_ACCEPTED,AUTONOMOUS
MR,20,290.997894287,0.161665496826,PRAISE,POSITIVE,PASSIVE_ACCEPTED,AUTONOMOUS
MR,20,330.997924805,0.18388773600299999,PRAISE,POSITIVE,PASSIVE_ACCEPTED,AUTONOMOUS
MR,20,370.997253418,0.20610958523200001,PRAISE,POSITIVE,PASSIVE_ACCEPTED,AUTONOMOUS
MR,20,410.99783325199996,0.228332129584,PRAISE,POSITIVE,PASSIVE_ACCEPTED,AUTONOMOUS
MR,20,450.997558594,0.250554199219,MAINTAIN,POSITIVE,PASSIVE_ACCEPTED,AUTONOMOUS
MR,20,490.997924805,0.272776624891,SYMPATHISE,SYMPATHETIC,PASSIVE_ACCEPTED,AUTONOMOUS
MR,20,530.997924805,0.294998847114,CHALLENGE,SYMPATHETIC,PASSIVE_ACCEPTED,AUTONOMOUS
MR,20,570.997924805,0.31722106933600003,CHALLENGE,SYMPATHETIC,PASSIVE_ACCEPTED,AUTONOMOUS
MR,20,610.9974975590001,0.339443054199,TIME,POSITIVE,PASSIVE_ACCEPTED,AUTONOMOUS
MR,20,650.997924805,0.36166551378,TIME,POSITIVE,PASSIVE_ACCEPTED,AUTONOMOUS
MR,20,690.9976196289999,0.383887566461,PRAISE,POSITIVE,PASSIVE_ACCEPTED,AUTONOMOUS
MR,20,730.99798584,0.406109992133,PRAISE,POSITIVE,PASSIVE_ACCEPTED,AUTONOMOUS
MR,20,770.997924805,0.42833218044699994,CHECKPRE,SYMPATHETIC,PASSIVE_ACCEPTED,AUTONOMOUS
MR,20,810.997924805,0.45055440266900004,CHECKPRE,SYMPATHETIC,PASSIVE_ACCEPTED,AUTONOMOUS
MR,20,850.9969482419999,0.47277608235699997,TIME,POSITIVE,PASSIVE_ACCEPTED,AUTONOMOUS
MR,20,890.9975585939999,0.494998643663,TIME,POSITIVE,PASSIVE_ACCEPTED,AUTONOMOUS
MR,20,930.997680664,0.517220933702,TIME,POSITIVE,PASSIVE_ACCEPTED,AUTONOMOUS
MR,20,970.997924805,0.539443291558,TIME,POSITIVE,PASSIVE_ACCEPTED,AUTONOMOUS
MR,20,1010.9979248,0.56166551378,CHALLENGE,CHALLENGING,PASSIVE_ACCEPTED,AUTONOMOUS
MR,20,1050.99755859,0.583887532552,CHALLENGE,CHALLENGING,PASSIVE_ACCEPTED,AUTONOMOUS
MR,20,1090.9979248,0.606109958225,PRAISE,SYMPATHETIC,PASSIVE_ACCEPTED,AUTONOMOUS
MR,20,1130.9979248,0.628332180447,SYMPATHISE,SYMPATHETIC,PASSIVE_ACCEPTED,AUTONOMOUS
MR,20,1170.9979248,0.650554402669,PRAISE,SYMPATHETIC,PASSIVE_ACCEPTED,AUTONOMOUS
MR,20,1210.9979248,0.672776624891,PRAISE,POSITIVE,PASSIVE_ACCEPTED,AUTONOMOUS
MR,20,1250.9979248,0.6949988471140001,PRAISE,POSITIVE,PASSIVE_ACCEPTED,AUTONOMOUS
MR,20,1290.9979248,0.7172210693359999,MAINTAIN,POSITIVE,PASSIVE_ACCEPTED,AUTONOMOUS
MR,20,1330.9979248,0.739443291558,TIME,SYMPATHETIC,PASSIVE_ACCEPTED,AUTONOMOUS
MR,20,1370.9979248,0.76166551378,CHALLENGE,CHALLENGING,PASSIVE_ACCEPTED,AUTONOMOUS
MR,20,1410.99755859,0.7838875325519999,TIME,SYMPATHETIC,PASSIVE_ACCEPTED,AUTONOMOUS
MR,20,1450.9979248,0.8061099582250001,TIME,CHALLENGING,PASSIVE_ACCEPTED,AUTONOMOUS
MR,20,1490.9979248,0.828332180447,TIME,CHALLENGING,PASSIVE_ACCEPTED,AUTONOMOUS
MR,20,1501.99755859,0.834443088108,WALK,CHALLENGING,PASSIVE_ACCEPTED,AUTONOMOUS
MR,20,1541.9979248,0.8566655137800001,PRAISE,SYMPATHETIC,PASSIVE_ACCEPTED,AUTONOMOUS
MR,20,1581.9979248,0.878887736003,PRAISE,SYMPATHETIC,PASSIVE_ACCEPTED,AUTONOMOUS
MR,20,1621.99755859,0.901109754774,ANIMATION,POSITIVE,PASSIVE_ACCEPTED,AUTONOMOUS
MR,20,1661.9979248,0.9233321804469999,ANIMATION,POSITIVE,PASSIVE_ACCEPTED,AUTONOMOUS
MR,20,1701.99755859,0.9455541992190001,CHALLENGE,SYMPATHETIC,PASSIVE_ACCEPTED,AUTONOMOUS
MR,20,1741.99755859,0.967776421441,CHALLENGE,SYMPATHETIC,PASSIVE_ACCEPTED,AUTONOMOUS
MR,20,1781.99755859,0.989998643663,CHALLENGE,SYMPATHETIC,PASSIVE_ACCEPTED,AUTONOMOUS
MR,22,10.997385025,0.00555423486112,PRAISE,POSITIVE,PASSIVE_ACCEPTED,AUTONOMOUS
MR,22,50.997409820600005,0.025756267586099998,MAINTAIN,POSITIVE,PASSIVE_ACCEPTED,AUTONOMOUS
MR,22,90.99736785889999,0.045958266595400005,PRAISE,POSITIVE,PASSIVE_ACCEPTED,AUTONOMOUS
MR,22,130.997573853,0.0661603908346,PRAISE,POSITIVE,PASSIVE_ACCEPTED,AUTONOMOUS
MR,22,170.998199463,0.0863627270015,PRAISE,POSITIVE,PASSIVE_ACCEPTED,AUTONOMOUS
MR,22,210.997360229,0.10656432334799999,PRAISE,POSITIVE,PASSIVE_ACCEPTED,AUTONOMOUS
MR,22,250.997909546,0.126766620983,PRAISE,POSITIVE,PASSIVE_ACCEPTED,AUTONOMOUS
MR,22,290.99734497099996,0.146968356046,PRAISE,POSITIVE,PASSIVE_ACCEPTED,AUTONOMOUS
MR,22,330.997375488,0.16717039166099998,PRAISE,POSITIVE,PASSIVE_ACCEPTED,AUTONOMOUS
MR,22,370.997711182,0.18737258140500002,PRAISE,POSITIVE,PASSIVE_ACCEPTED,AUTONOMOUS
MR,22,410.997924805,0.20757470949700002,PRAISE,POSITIVE,PASSIVE_ACCEPTED,AUTONOMOUS
MR,22,450.99737548800005,0.227776452267,PRAISE,POSITIVE,PASSIVE_ACCEPTED,AUTONOMOUS
MR,22,490.997406006,0.247978487882,MAINTAIN,POSITIVE,PASSIVE_ACCEPTED,AUTONOMOUS
MR,22,530.99810791,0.268180862581,SYMPATHISE,SYMPATHETIC,PASSIVE_ACCEPTED,AUTONOMOUS
MR,22,570.997924805,0.28838279030499997,SYMPATHISE,SYMPATHETIC,PASSIVE_ACCEPTED,AUTONOMOUS
MR,22,610.9973144530001,0.308584502249,SYMPATHISE,SYMPATHETIC,PASSIVE_ACCEPTED,AUTONOMOUS
MR,22,650.997436523,0.328786584103,SYMPATHISE,SYMPATHETIC,PASSIVE_ACCEPTED,AUTONOMOUS
MR,22,690.997375488,0.34898857347900003,TIME,POSITIVE,PASSIVE_ACCEPTED,AUTONOMOUS
MR,22,730.997375488,0.36919059368100005,TIME,POSITIVE,PASSIVE_ACCEPTED,AUTONOMOUS
MR,22,770.997375488,0.389392613883,PRAISE,POSITIVE,PASSIVE_ACCEPTED,AUTONOMOUS
MR,22,810.997375488,0.409594634085,PRAISE,POSITIVE,PASSIVE_ACCEPTED,AUTONOMOUS
MR,22,850.997375488,0.429796654287,PRAISE,SYMPATHETIC,PASSIVE_ACCEPTED,AUTONOMOUS
MR,22,890.997375488,0.449998674489,PRAISE,SYMPATHETIC,PASSIVE_ACCEPTED,AUTONOMOUS
MR,22,930.9973144530001,0.47020066386500003,PRAISE,SYMPATHETIC,PASSIVE_ACCEPTED,AUTONOMOUS
MR,22,970.9973144530001,0.490402684067,PRAISE,POSITIVE,PASSIVE_ACCEPTED,AUTONOMOUS
MR,22,1010.99737549,0.5106047350949999,PRAISE,POSITIVE,PASSIVE_ACCEPTED,AUTONOMOUS
MR,22,1050.99731445,0.530806724471,MAINTAIN,POSITIVE,PASSIVE_ACCEPTED,AUTONOMOUS
MR,22,1090.99743652,0.551008806325,PRAISE,SYMPATHETIC,PASSIVE_ACCEPTED,AUTONOMOUS
MR,22,1130.99743652,0.571210826527,PRAISE,SYMPATHETIC,PASSIVE_ACCEPTED,AUTONOMOUS
MR,22,1170.99816895,0.591413216639,PRAISE,SYMPATHETIC,PASSIVE_ACCEPTED,AUTONOMOUS
MR,22,1210.99743652,0.611614866931,PRAISE,SYMPATHETIC,PASSIVE_ACCEPTED,AUTONOMOUS
MR,22,1250.99731445,0.631816825481,ANIMATION,POSITIVE,PASSIVE_ACCEPTED,AUTONOMOUS
MR,22,1290.99731445,0.6520188456830001,PRAISE,POSITIVE,PASSIVE_ACCEPTED,AUTONOMOUS
MR,22,1330.99731445,0.672220865885,ANIMATION,POSITIVE,PASSIVE_ACCEPTED,AUTONOMOUS
MR,22,1370.99731445,0.6924228860870001,ANIMATION,POSITIVE,PASSIVE_ACCEPTED,AUTONOMOUS
MR,22,1410.99743652,0.712624967941,PRAISE,SYMPATHETIC,PASSIVE_ACCEPTED,AUTONOMOUS
MR,22,1450.99731445,0.732826926491,CHALLENGE,SYMPATHETIC,PASSIVE_ACCEPTED,AUTONOMOUS
MR,22,1490.99731445,0.753028946693,TIME,SYMPATHETIC,PASSIVE_ACCEPTED,AUTONOMOUS
MR,22,1530.99743652,0.773231028547,TIME,POSITIVE,PASSIVE_ACCEPTED,AUTONOMOUS
MR,22,1570.99755859,0.793433110401,TIME,POSITIVE,PASSIVE_ACCEPTED,AUTONOMOUS
MR,22,1610.99816895,0.813635438861,PRAISE,SYMPATHETIC,PASSIVE_ACCEPTED,AUTONOMOUS
MR,22,1650.99755859,0.8338371508050001,TIME,SYMPATHETIC,PASSIVE_ACCEPTED,AUTONOMOUS
MR,22,1677.99743652,0.84747345279,WALK,SYMPATHETIC,PASSIVE_ACCEPTED,AUTONOMOUS
MR,22,1717.99743652,0.867675472992,CHECKPRE,SYMPATHETIC,PASSIVE_ACCEPTED,AUTONOMOUS
MR,22,1757.99743652,0.887877493194,PRAISE,SYMPATHETIC,PASSIVE_ACCEPTED,AUTONOMOUS
MR,22,1797.99743652,0.908079513396,PRAISE,SYMPATHETIC,PASSIVE_ACCEPTED,AUTONOMOUS
MR,22,1837.99780273,0.9282817185529999,PRAISE,SYMPATHETIC,PASSIVE_ACCEPTED,AUTONOMOUS
MR,22,1877.99755859,0.948483615451,CHALLENGE,SYMPATHETIC,PASSIVE_ACCEPTED,AUTONOMOUS
MR,22,1917.99743652,0.968685574002,SYMPATHISE,SYMPATHETIC,PASSIVE_ACCEPTED,AUTONOMOUS
MR,22,1957.99731445,0.988887532552,CHALLENGE,SYMPATHETIC,PASSIVE_ACCEPTED,AUTONOMOUS
