PT,16,60.9981498718,0.042359826299900004,MAINTAIN,POSITIVE,UNPROMPTED,SUPERVISED
PT,16,120.998603821,0.0840268082089,PRAISE,POSITIVE,UNPROMPTED,SUPERVISED
PT,16,126.99801635700001,0.0881930669149,TIME,POSITIVE,UNPROMPTED,SUPERVISED
PT,16,163.998626709,0.11388793521500001,PRAISE,POSITIVE,REFUSED,SUPERVISED
PT,16,180.99861145,0.125693480174,PRAISE,POSITIVE,VALIDATED,SUPERVISED
PT,16,196.998596191,0.136804580688,PRAISE,POSITIVE,REFUSED,SUPERVISED
PT,16,215.998641968,0.149999056922,PRAISE,POSITIVE,VALIDATED,SUPERVISED
PT,16,222.998657227,0.15486017863,TIME,SYMPATHETIC,UNPROMPTED,SUPERVISED
PT,16,242.998626709,0.168749046326,PRAISE,POSITIVE,REFUSED,SUPERVISED
PT,16,250.998733521,0.174304676056,CHALLENGE,SYMPATHETIC,UNPROMPTED,SUPERVISED
PT,16,270.998626709,0.18819349077,PRAISE,POSITIVE,VALIDATED,SUPERVISED
PT,16,297.998626709,0.20694349077,WALK,POSITIVE,PASSIVE_ACCEPTED,SUPERVISED
PT,16,316.998657227,0.220137956407,PRAISE,SYMPATHETIC,VALIDATED,SUPERVISED
PT,16,370.99865722699997,0.257637956407,CHECKPRE,SYMPATHETIC,UNPROMPTED,SUPERVISED
PT,16,407.998809814,0.28333250681600003,CHALLENGE,SYMPATHETIC,REFUSED,SUPERVISED
PT,16,420.998626709,0.292360157437,SYMPATHISE,SYMPATHETIC,UNPROMPTED,SUPERVISED
PT,16,440.99798584,0.30624860127799997,CHALLENGE,CHALLENGING,REFUSED,SUPERVISED
PT,16,452.998687744,0.31458242204500003,CHALLENGE,CHALLENGING,REFUSED,SUPERVISED
PT,16,465.99887085,0.323610326979,CHALLENGE,CHALLENGING,REFUSED,SUPERVISED
PT,16,477.998687744,0.331943533156,RUN,POSITIVE,PASSIVE_ACCEPTED,SUPERVISED
PT,16,495.998596191,0.344443469577,HUMOUR,POSITIVE,VALIDATED,SUPERVISED
PT,16,571.9985961909999,0.39722124735500003,PRAISE,POSITIVE,UNPROMPTED,SUPERVISED
PT,16,574.998657227,0.39930462307400005,CHALLENGE,SYMPATHETIC,UNPROMPTED,SUPERVISED
PT,16,651.9985961909999,0.45277680291100003,PRAISE,POSITIVE,VALIDATED,SUPERVISED
PT,16,655.998718262,0.45555466546000006,CHALLENGE,SYMPATHETIC,UNPROMPTED,SUPERVISED
PT,16,670.998657227,0.465971289741,PRAISE,POSITIVE,REFUSED,SUPERVISED
PT,16,687.998718262,0.47777688768200005,PRAISE,POSITIVE,REFUSED,SUPERVISED
PT,16,702.998596191,0.488193469577,PRAISE,POSITIVE,REFUSED,SUPERVISED
PT,16,722.998718262,0.502082443237,PRAISE,POSITIVE,PASSIVE_ACCEPTED,SUPERVISED
PT,16,741.998596191,0.515276802911,PRAISE,POSITIVE,REFUSED,SUPERVISED
PT,16,754.99810791,0.524304241604,PRAISE,POSITIVE,REFUSED,SUPERVISED
PT,16,768.998657227,0.534026845296,PRAISE,POSITIVE,REFUSED,SUPERVISED
PT,16,784.998596191,0.545137914022,PRAISE,POSITIVE,REFUSED,SUPERVISED
PT,16,787.998596191,0.547221247355,TIME,POSITIVE,UNPROMPTED,SUPERVISED
PT,16,802.998596191,0.557637914022,PRAISE,POSITIVE,REFUSED,SUPERVISED
PT,16,805.998657227,0.559721289741,CHALLENGE,SYMPATHETIC,UNPROMPTED,SUPERVISED
PT,16,821.998596191,0.570832358466,PRAISE,POSITIVE,REFUSED,SUPERVISED
PT,16,843.9984741210001,0.586110051473,TIME,POSITIVE,PASSIVE_ACCEPTED,SUPERVISED
PT,16,863.998596191,0.599999025133,PRAISE,POSITIVE,REFUSED,SUPERVISED
PT,16,880.998657227,0.6118046230740001,PRAISE,POSITIVE,REFUSED,SUPERVISED
PT,16,883.998596191,0.6138879140219999,PRAISE,POSITIVE,UNPROMPTED,SUPERVISED
PT,16,887.99786377,0.616665183173,TIME,SYMPATHETIC,UNPROMPTED,SUPERVISED
PT,16,893.998657227,0.620832400852,TIME,POSITIVE,REFUSED,SUPERVISED
PT,16,894.998657227,0.621526845296,TIME,CHALLENGING,UNPROMPTED,SUPERVISED
PT,16,910.998657227,0.6326379564069999,PRAISE,POSITIVE,REFUSED,SUPERVISED
PT,16,919.998596191,0.638887914022,PRAISE,POSITIVE,UNPROMPTED,SUPERVISED
PT,16,922.998596191,0.640971247355,PRAISE,POSITIVE,REFUSED,SUPERVISED
PT,16,930.998596191,0.6465268029110001,TIME,CHALLENGING,UNPROMPTED,SUPERVISED
PT,16,934.998657227,0.649304623074,TIME,CHALLENGING,REFUSED,SUPERVISED
PT,16,937.998657227,0.651387956407,GET_CLOSER,CHALLENGING,UNPROMPTED,SUPERVISED
PT,16,938.998596191,0.652082358466,TIME,SYMPATHETIC,UNPROMPTED,SUPERVISED
PT,16,948.997680664,0.659026167128,TIME,CHALLENGING,REFUSED,SUPERVISED
PT,16,959.998596191,0.6666656918,WALK,SYMPATHETIC,PASSIVE_ACCEPTED,SUPERVISED
PT,16,976.99810791,0.678470908271,PRAISE,SYMPATHETIC,REFUSED,SUPERVISED
PT,16,993.998596191,0.6902768029109999,PRAISE,SYMPATHETIC,REFUSED,SUPERVISED
PT,16,993.998596191,0.6902768029109999,CHECKPRE,SYMPATHETIC,UNPROMPTED,SUPERVISED
PT,16,1079.99865723,0.749999067518,PRAISE,SYMPATHETIC,UNPROMPTED,SUPERVISED
PT,16,1106.99865723,0.768749067518,SYMPATHISE,SYMPATHETIC,UNPROMPTED,SUPERVISED
PT,16,1118.99865723,0.777082400852,TIME,SYMPATHETIC,UNPROMPTED,SUPERVISED
PT,16,1137.99780273,0.790276251899,RUN,CHALLENGING,VALIDATED,SUPERVISED
PT,16,1206.99865723,0.838193511963,PRAISE,POSITIVE,UNPROMPTED,SUPERVISED
PT,16,1244.99865723,0.864582400852,TIME,POSITIVE,UNPROMPTED,SUPERVISED
PT,16,1265.99768066,0.8791650560169999,TIME,POSITIVE,UNPROMPTED,SUPERVISED
PT,16,1302.99780273,0.904859585232,PRAISE,POSITIVE,UNPROMPTED,SUPERVISED
PT,16,1319.99865723,0.9166657341850001,TIME,POSITIVE,REFUSED,SUPERVISED
PT,16,1324.99865723,0.920137956407,MAINTAIN,POSITIVE,UNPROMPTED,SUPERVISED
PT,16,1340.99853516,0.931248982747,TIME,POSITIVE,REFUSED,SUPERVISED
PT,16,1349.99853516,0.937498982747,TIME,SYMPATHETIC,UNPROMPTED,SUPERVISED
PT,16,1364.99865723,0.9479157341850001,TIME,POSITIVE,REFUSED,SUPERVISED
PT,16,1375.99780273,0.9555540296770001,PRAISE,POSITIVE,UNPROMPTED,SUPERVISED
PT,16,1377.99865723,0.956943511963,TIME,CHALLENGING,UNPROMPTED,SUPERVISED
PT,16,1394.99853516,0.968748982747,TIME,SYMPATHETIC,REFUSED,SUPERVISED
PT,16,1399.99865723,0.972221289741,CHALLENGE,CHALLENGING,UNPROMPTED,SUPERVISED
PT,16,1403.99865723,0.974999067518,GET_CLOSER,CHALLENGING,UNPROMPTED,SUPERVISED
PT,16,1409.99780273,0.9791651407879999,TIME,SYMPATHETIC,UNPROMPTED,SUPERVISED
PT,16,1415.99780273,0.983331807454,TIME,CHALLENGING,REFUSED,SUPERVISED
PT,16,1427.99890137,0.991665903727,PRAISE,SYMPATHETIC,UNPROMPTED,SUPERVISED
PT,16,1430.99780273,0.993748474121,TIME,CHALLENGING,REFUSED,SUPERVISED
PT,17,41.9922790527,0.030429187719400005,MAINTAIN,POSITIVE,UNPROMPTED,SUPERVISED
PT,17,129.992248535,0.09419728154719999,PRAISE,POSITIVE,UNPROMPTED,SUPERVISED
PT,17,132.992446899,0.0963713383329,CHALLENGE,SYMPATHETIC,UNPROMPTED,SUPERVISED
PT,17,265.992950439,0.192748514811,PRAISE,POSITIVE,UNPROMPTED,SUPERVISED
PT,17,273.992279053,0.198545129748,PRAISE,SYMPATHETIC,UNPROMPTED,SUPERVISED
PT,17,310.992980957,0.22535723257800003,CHALLENGE,SYMPATHETIC,UNPROMPTED,SUPERVISED
PT,17,385.992950439,0.27970503655,CHALLENGE,SYMPATHETIC,UNPROMPTED,SUPERVISED
PT,17,392.992980957,0.284777522433,MAINTAIN,POSITIVE,UNPROMPTED,SUPERVISED
PT,17,412.992462158,0.299269900115,TIME,POSITIVE,UNPROMPTED,SUPERVISED
PT,17,448.992950439,0.32535721046300004,CHALLENGE,SYMPATHETIC,UNPROMPTED,SUPERVISED
PT,17,477.992980957,0.346371725331,PRAISE,SYMPATHETIC,UNPROMPTED,SUPERVISED
PT,17,481.99563598599997,0.34927219999,TIME,SYMPATHETIC,UNPROMPTED,SUPERVISED
PT,17,510.992126465,0.370284149612,PRAISE,POSITIVE,UNPROMPTED,SUPERVISED
PT,17,533.992980957,0.386951435476,TIME,CHALLENGING,UNPROMPTED,SUPERVISED
PT,17,565.992980957,0.410139841273,TIME,SYMPATHETIC,UNPROMPTED,SUPERVISED
PT,17,597.992553711,0.433327937472,WALK,POSITIVE,PASSIVE_ACCEPTED,SUPERVISED
PT,17,606.99432373,0.439850959225,PRAISE,POSITIVE,UNPROMPTED,SUPERVISED
PT,17,616.992980957,0.447096363012,PRAISE,SYMPATHETIC,UNPROMPTED,SUPERVISED
PT,17,632.992492676,0.458690212084,PRAISE,SYMPATHETIC,REFUSED,SUPERVISED
PT,17,653.992980957,0.473907957215,CHECKPRE,SYMPATHETIC,UNPROMPTED,SUPERVISED
PT,17,730.992431641,0.529704660609,SYMPATHISE,SYMPATHETIC,VALIDATED,SUPERVISED
PT,17,744.992980957,0.539849986201,SYMPATHISE,SYMPATHETIC,REFUSED,SUPERVISED
PT,17,762.992980957,0.5528934644619999,CHALLENGE,CHALLENGING,REFUSED,SUPERVISED
PT,17,777.992370605,0.563762587395,RUN,CHALLENGING,VALIDATED,SUPERVISED
PT,17,823.992980957,0.597096363012,PRAISE,POSITIVE,UNPROMPTED,SUPERVISED
PT,17,829.992248535,0.601443658359,TIME,POSITIVE,UNPROMPTED,SUPERVISED
PT,17,927.992248535,0.672458151112,CHALLENGE,SYMPATHETIC,UNPROMPTED,SUPERVISED
PT,17,980.992980957,0.7108644789540001,MAINTAIN,POSITIVE,UNPROMPTED,SUPERVISED
PT,17,1022.99298096,0.741299261563,PRAISE,POSITIVE,UNPROMPTED,SUPERVISED
PT,17,1040.99291992,0.754342695596,SYMPATHISE,SYMPATHETIC,UNPROMPTED,SUPERVISED
PT,17,1051.99291992,0.762313710088,PRAISE,POSITIVE,REFUSED,SUPERVISED
PT,17,1053.99243164,0.763762631624,SPEEDDOWN,SYMPATHETIC,UNPROMPTED,SUPERVISED
PT,17,1070.99206543,0.7760812068330001,PRAISE,POSITIVE,VALIDATED,SUPERVISED
PT,17,1111.99291992,0.8057919709579999,PRAISE,SYMPATHETIC,UNPROMPTED,SUPERVISED
PT,17,1162.99304199,0.842748581154,PRAISE,POSITIVE,VALIDATED,SUPERVISED
PT,17,1166.99291992,0.8456470434219999,CHALLENGE,CHALLENGING,UNPROMPTED,SUPERVISED
PT,17,1180.99230957,0.8557915286740001,PRAISE,SYMPATHETIC,REFUSED,SUPERVISED
PT,17,1194.99291992,0.865936898494,PRAISE,SYMPATHETIC,REFUSED,SUPERVISED
PT,17,1201.99230957,0.8710089199779999,CHALLENGE,SYMPATHETIC,UNPROMPTED,SUPERVISED
PT,17,1214.99304199,0.880429740574,TIME,SYMPATHETIC,REFUSED,SUPERVISED
PT,17,1232.99291992,0.893473130378,TIME,SYMPATHETIC,REFUSED,SUPERVISED
PT,17,1250.99304199,0.906516697096,TIME,SYMPATHETIC,REFUSED,SUPERVISED
PT,17,1262.99316406,0.9152124377259999,TIME,SYMPATHETIC,VALIDATED,SUPERVISED
PT,17,1273.99243164,0.923182921479,PRAISE,POSITIVE,UNPROMPTED,SUPERVISED
PT,17,1275.99291992,0.924632550668,TIME,SYMPATHETIC,REFUSED,SUPERVISED
PT,17,1277.99291992,0.9260818260299999,TIME,CHALLENGING,UNPROMPTED,SUPERVISED
PT,17,1292.99291992,0.936951391248,TIME,SYMPATHETIC,REFUSED,SUPERVISED
PT,17,1305.99316406,0.946371858016,TIME,SYMPATHETIC,REFUSED,SUPERVISED
PT,17,1309.99230957,0.949269789544,TIME,CHALLENGING,UNPROMPTED,SUPERVISED
PT,17,1319.9921875,0.9565160778990001,TIME,SYMPATHETIC,REFUSED,SUPERVISED
PT,17,1337.9921875,0.9695595561589999,TIME,CHALLENGING,VALIDATED,SUPERVISED
PT,17,1354.99255371,0.981878662109,TIME,CHALLENGING,VALIDATED,SUPERVISED
PT,17,1368.99230957,0.992023412732,TIME,CHALLENGING,REFUSED,SUPERVISED
PT,18,4.9978027343800004,0.00277655707465,TIME,POSITIVE,REFUSED,SUPERVISED
PT,18,19.9976634979,0.0111098130544,SYMPATHISE,SYMPATHETIC,REFUSED,SUPERVISED
PT,18,34.997783660900005,0.019443213144900003,CHALLENGE,SYMPATHETIC,REFUSED,SUPERVISED
PT,18,37.9977340698,0.021109852261,MAINTAIN,POSITIVE,UNPROMPTED,SUPERVISED
PT,18,54.9977798462,0.0305543221368,MAINTAIN,POSITIVE,PASSIVE_ACCEPTED,SUPERVISED
PT,18,72.997756958,0.0405543094211,MAINTAIN,POSITIVE,REFUSED,SUPERVISED
PT,18,87.9977645874,0.048887646993,PRAISE,POSITIVE,UNPROMPTED,SUPERVISED
PT,18,90.9976882935,0.050554271274100004,MAINTAIN,POSITIVE,VALIDATED,SUPERVISED
PT,18,104.997680664,0.05833204481340001,MAINTAIN,POSITIVE,REFUSED,SUPERVISED
PT,18,120.997825623,0.06722101423480001,PRAISE,POSITIVE,VALIDATED,SUPERVISED
PT,18,138.997741699,0.0772209676107,MAINTAIN,POSITIVE,REFUSED,SUPERVISED
PT,18,157.99781799299998,0.0877765655518,PRAISE,POSITIVE,VALIDATED,SUPERVISED
PT,18,176.99784851099997,0.0983321380615,MAINTAIN,POSITIVE,REFUSED,SUPERVISED
PT,18,192.99774169900002,0.107220967611,PRAISE,POSITIVE,REFUSED,SUPERVISED
PT,18,209.998138428,0.11666563245999999,PRAISE,POSITIVE,VALIDATED,SUPERVISED
PT,18,216.997756958,0.120554309421,CHALLENGE,SYMPATHETIC,UNPROMPTED,SUPERVISED
PT,18,229.99781799299998,0.12777656555199998,CHALLENGE,SYMPATHETIC,PASSIVE_ACCEPTED,SUPERVISED
PT,18,247.997802734,0.137776557075,SYMPATHISE,SYMPATHETIC,REFUSED,SUPERVISED
PT,18,267.99777221700003,0.14888765123199998,SYMPATHISE,SYMPATHETIC,PASSIVE_ACCEPTED,SUPERVISED
PT,18,280.997467041,0.156109703912,CHALLENGE,SYMPATHETIC,REFUSED,SUPERVISED
PT,18,299.997253418,0.16666514078800002,CHALLENGE,SYMPATHETIC,VALIDATED,SUPERVISED
PT,18,315.99786377,0.175554368761,CHALLENGE,SYMPATHETIC,REFUSED,SUPERVISED
PT,18,335.997802734,0.186665445964,CHALLENGE,SYMPATHETIC,PASSIVE_ACCEPTED,SUPERVISED
PT,18,353.997741699,0.196665412055,CHALLENGE,SYMPATHETIC,REFUSED,SUPERVISED
PT,18,370.99783325199996,0.20610990736200002,CHALLENGE,SYMPATHETIC,REFUSED,SUPERVISED
PT,18,382.99737548800005,0.212776319716,SYMPATHISE,SYMPATHETIC,REFUSED,SUPERVISED
PT,18,387.997772217,0.215554317898,TIME,POSITIVE,UNPROMPTED,SUPERVISED
PT,18,390.997650146,0.217220916748,TIME,POSITIVE,UNPROMPTED,SUPERVISED
PT,18,395.997528076,0.21999862670899997,TIME,POSITIVE,REFUSED,SUPERVISED
PT,18,410.99783325199996,0.228332129584,TIME,POSITIVE,REFUSED,SUPERVISED
PT,18,425.99676513699995,0.23666486952,TIME,POSITIVE,REFUSED,SUPERVISED
PT,18,439.997711182,0.244443172879,TIME,POSITIVE,REFUSED,SUPERVISED
PT,18,452.99783325199996,0.251665462918,TIME,POSITIVE,REFUSED,SUPERVISED
PT,18,453.997802734,0.252221001519,PRAISE,POSITIVE,UNPROMPTED,SUPERVISED
PT,18,468.997741699,0.260554300944,PRAISE,POSITIVE,REFUSED,SUPERVISED
PT,18,486.997772217,0.270554317898,PRAISE,POSITIVE,REFUSED,SUPERVISED
PT,18,504.997741699,0.280554300944,PRAISE,POSITIVE,VALIDATED,SUPERVISED
PT,18,519.997741699,0.28888763427700004,PRAISE,POSITIVE,REFUSED,SUPERVISED
PT,18,532.9978027340001,0.296109890408,PRAISE,POSITIVE,REFUSED,SUPERVISED
PT,18,546.99786377,0.30388770209399996,TIME,POSITIVE,REFUSED,SUPERVISED
PT,18,548.99786377,0.304998813205,MAINTAIN,POSITIVE,UNPROMPTED,SUPERVISED
PT,18,565.9978027340001,0.314443223741,PRAISE,POSITIVE,REFUSED,SUPERVISED
PT,18,580.997619629,0.32277645534899996,PRAISE,POSITIVE,REFUSED,SUPERVISED
PT,18,596.9978027340001,0.331665445964,MAINTAIN,POSITIVE,REFUSED,SUPERVISED
PT,18,614.9978027340001,0.341665445964,MAINTAIN,POSITIVE,REFUSED,SUPERVISED
PT,18,628.99798584,0.349443325467,MAINTAIN,POSITIVE,REFUSED,SUPERVISED
PT,18,636.9978027340001,0.353887668186,PRAISE,POSITIVE,UNPROMPTED,SUPERVISED
PT,18,640.998046875,0.356110026042,PRAISE,POSITIVE,REFUSED,SUPERVISED
PT,18,660.997009277,0.36722056071000003,PRAISE,POSITIVE,PASSIVE_ACCEPTED,SUPERVISED
PT,18,678.997741699,0.377220967611,PRAISE,POSITIVE,REFUSED,SUPERVISED
PT,18,696.997436523,0.387220798069,PRAISE,POSITIVE,REFUSED,SUPERVISED
PT,18,713.99786377,0.396665479872,MAINTAIN,POSITIVE,REFUSED,SUPERVISED
PT,18,731.9977416989999,0.406665412055,PRAISE,POSITIVE,REFUSED,SUPERVISED
PT,18,747.997802734,0.41555433485200005,PRAISE,POSITIVE,REFUSED,SUPERVISED
PT,18,766.99786377,0.426109924316,PRAISE,POSITIVE,REFUSED,SUPERVISED
PT,18,785.997802734,0.436665445964,PRAISE,POSITIVE,REFUSED,SUPERVISED
PT,18,799.9971923830001,0.444442884657,PRAISE,POSITIVE,VALIDATED,SUPERVISED
PT,18,802.99786377,0.446109924316,TIME,POSITIVE,UNPROMPTED,SUPERVISED
PT,18,811.99798584,0.45110999213299996,TIME,POSITIVE,REFUSED,SUPERVISED
PT,18,814.9977416989999,0.45277652316600003,CHALLENGE,SYMPATHETIC,UNPROMPTED,SUPERVISED
PT,18,831.997802734,0.46222100151900003,TIME,POSITIVE,PASSIVE_ACCEPTED,SUPERVISED
PT,18,843.9977416989999,0.468887634277,TIME,POSITIVE,REFUSED,SUPERVISED
PT,18,857.997802734,0.476665445964,TIME,POSITIVE,REFUSED,SUPERVISED
PT,18,877.99798584,0.48777665880000004,TIME,POSITIVE,PASSIVE_ACCEPTED,SUPERVISED
PT,18,889.997680664,0.494443155924,TIME,POSITIVE,REFUSED,SUPERVISED
PT,18,903.99786377,0.502221035428,TIME,POSITIVE,REFUSED,SUPERVISED
PT,18,920.997802734,0.511665445964,TIME,POSITIVE,REFUSED,SUPERVISED
PT,18,937.997802734,0.5211098904079999,TIME,POSITIVE,REFUSED,SUPERVISED
PT,18,951.9977416989999,0.528887634277,TIME,POSITIVE,REFUSED,SUPERVISED
PT,18,966.9977416989999,0.537220967611,TIME,POSITIVE,REFUSED,SUPERVISED
PT,18,970.997924805,0.539443291558,PRAISE,POSITIVE,UNPROMPTED,SUPERVISED
PT,18,977.997436523,0.5433319091800001,PRAISE,POSITIVE,REFUSED,SUPERVISED
PT,18,978.9987792969999,0.5438882107199999,CHALLENGE,CHALLENGING,UNPROMPTED,SUPERVISED
PT,18,994.997436523,0.552776353624,PRAISE,POSITIVE,REFUSED,SUPERVISED
PT,18,1013.99731445,0.563331841363,PRAISE,POSITIVE,VALIDATED,SUPERVISED
PT,18,1025.99731445,0.5699985080300001,PRAISE,POSITIVE,REFUSED,SUPERVISED
PT,18,1041.99768066,0.578887600369,CHALLENGE,CHALLENGING,REFUSED,SUPERVISED
PT,18,1053.99768066,0.585554267036,PRAISE,POSITIVE,REFUSED,SUPERVISED
PT,18,1065.99780273,0.592221001519,PRAISE,POSITIVE,REFUSED,SUPERVISED
PT,18,1081.99780273,0.601109890408,PRAISE,POSITIVE,REFUSED,SUPERVISED
PT,18,1093.9979248,0.607776624891,PRAISE,POSITIVE,REFUSED,SUPERVISED
PT,18,1100.99707031,0.611665039063,PRAISE,SYMPATHETIC,UNPROMPTED,SUPERVISED
PT,18,1105.99719238,0.614442884657,PRAISE,SYMPATHETIC,REFUSED,SUPERVISED
PT,18,1118.99780273,0.621665445964,PRAISE,SYMPATHETIC,REFUSED,SUPERVISED
PT,18,1135.99707031,0.631109483507,PRAISE,SYMPATHETIC,REFUSED,SUPERVISED
PT,18,1154.99780273,0.641665445964,PRAISE,SYMPATHETIC,REFUSED,SUPERVISED
PT,18,1173.99768066,0.652220933702,PRAISE,SYMPATHETIC,VALIDATED,SUPERVISED
PT,18,1184.99768066,0.658332044813,CHALLENGE,SYMPATHETIC,UNPROMPTED,SUPERVISED
PT,18,1186.99768066,0.659443155924,PRAISE,SYMPATHETIC,REFUSED,SUPERVISED
PT,18,1199.99780273,0.666665445964,CHALLENGE,SYMPATHETIC,REFUSED,SUPERVISED
PT,18,1218.99780273,0.6772210015189999,PRAISE,SYMPATHETIC,REFUSED,SUPERVISED
PT,18,1234.9979248,0.6861099582250001,PRAISE,SYMPATHETIC,REFUSED,SUPERVISED
PT,18,1236.99780273,0.6872210015189999,PRAISE,POSITIVE,UNPROMPTED,SUPERVISED
PT,18,1240.9979248,0.689443291558,CHALLENGE,SYMPATHETIC,UNPROMPTED,SUPERVISED
PT,18,1246.9979248,0.6927766248909999,SYMPATHISE,SYMPATHETIC,REFUSED,SUPERVISED
PT,18,1264.9979248,0.7027766248909999,SYMPATHISE,SYMPATHETIC,VALIDATED,SUPERVISED
PT,18,1271.99780273,0.7066654459639999,GET_CLOSER,CHALLENGING,UNPROMPTED,SUPERVISED
PT,18,1278.99780273,0.710554334852,SYMPATHISE,SYMPATHETIC,REFUSED,SUPERVISED
PT,18,1279.9979248,0.711109958225,MAINTAIN,POSITIVE,UNPROMPTED,SUPERVISED
PT,18,1290.99780273,0.7172210015189999,MAINTAIN,POSITIVE,REFUSED,SUPERVISED
PT,18,1294.9979248,0.719443291558,TIME,CHALLENGING,UNPROMPTED,SUPERVISED
PT,18,1308.99743652,0.727220798069,MAINTAIN,POSITIVE,REFUSED,SUPERVISED
PT,18,1320.99780273,0.733887668186,PRAISE,POSITIVE,UNPROMPTED,SUPERVISED
PT,18,1325.9979248,0.7366655137800001,TIME,CHALLENGING,VALIDATED,SUPERVISED
PT,18,1329.9979248,0.738887736003,GET_CLOSER,CHALLENGING,UNPROMPTED,SUPERVISED
PT,18,1337.9979248,0.743332180447,PRAISE,POSITIVE,REFUSED,SUPERVISED
PT,18,1338.99780273,0.7438876681859999,TIME,SYMPATHETIC,UNPROMPTED,SUPERVISED
PT,18,1348.99780273,0.749443223741,TIME,SYMPATHETIC,REFUSED,SUPERVISED
PT,18,1350.99755859,0.750554199219,TIME,CHALLENGING,UNPROMPTED,SUPERVISED
PT,18,1361.99780273,0.7566654459639999,TIME,CHALLENGING,REFUSED,SUPERVISED
PT,18,1369.99719238,0.761109551324,CHALLENGE,CHALLENGING,UNPROMPTED,SUPERVISED
PT,18,1373.99768066,0.763332044813,CHALLENGE,CHALLENGING,REFUSED,SUPERVISED
PT,18,1390.99743652,0.772776353624,TIME,CHALLENGING,VALIDATED,SUPERVISED
PT,18,1403.9979248,0.779998847114,TIME,SYMPATHETIC,UNPROMPTED,SUPERVISED
PT,18,1406.9979248,0.78166551378,PRAISE,SYMPATHETIC,UNPROMPTED,SUPERVISED
PT,18,1410.9979248,0.783887736003,TIME,CHALLENGING,VALIDATED,SUPERVISED
PT,18,1422.9979248,0.790554402669,PRAISE,SYMPATHETIC,REFUSED,SUPERVISED
PT,18,1439.9979248,0.799998847114,PRAISE,SYMPATHETIC,VALIDATED,SUPERVISED
PT,18,1440.9979248,0.800554402669,CHALLENGE,SYMPATHETIC,UNPROMPTED,SUPERVISED
PT,18,1451.99780273,0.8066654459639999,TIME,SYMPATHETIC,VALIDATED,SUPERVISED
PT,18,1468.9979248,0.8161099582250001,GET_CLOSER,CHALLENGING,UNPROMPTED,SUPERVISED
PT,18,1469.99780273,0.8166654459639999,TIME,CHALLENGING,VALIDATED,SUPERVISED
PT,18,1482.9979248,0.823887736003,GET_CLOSER,CHALLENGING,REFUSED,SUPERVISED
PT,18,1497.99780273,0.8322210015189999,WALK,POSITIVE,PASSIVE_ACCEPTED,SUPERVISED
PT,18,1517.99780273,0.84333211263,TIME,CHALLENGING,PASSIVE_ACCEPTED,SUPERVISED
PT,18,1532.99731445,0.8516651746960001,PRAISE,SYMPATHETIC,UNPROMPTED,SUPERVISED
PT,18,1535.99780273,0.85333211263,PRAISE,SYMPATHETIC,REFUSED,SUPERVISED
PT,18,1540.99780273,0.856109890408,CHECKPRE,SYMPATHETIC,UNPROMPTED,SUPERVISED
PT,18,1548.99719238,0.8605539957680001,CHECKPRE,SYMPATHETIC,REFUSED,SUPERVISED
PT,18,1563.99780273,0.8688876681859999,CHECKPRE,SYMPATHETIC,REFUSED,SUPERVISED
PT,18,1611.99780273,0.895554334852,PRAISE,SYMPATHETIC,UNPROMPTED,SUPERVISED
PT,18,1616.99731445,0.8983318413629999,ANIMATION,POSITIVE,UNPROMPTED,SUPERVISED
PT,18,1625.99780273,0.90333211263,ANIMATION,POSITIVE,REFUSED,SUPERVISED
PT,18,1645.99780273,0.914443223741,ANIMATION,POSITIVE,PASSIVE_ACCEPTED,SUPERVISED
PT,18,1662.9979248,0.923887736003,ANIMATION,POSITIVE,VALIDATED,SUPERVISED
PT,18,1682.99780273,0.934998779297,ANIMATION,POSITIVE,PASSIVE_ACCEPTED,SUPERVISED
PT,18,1697.99731445,0.943331841363,ANIMATION,POSITIVE,REFUSED,SUPERVISED
PT,18,1713.99780273,0.9522210015189999,ANIMATION,POSITIVE,REFUSED,SUPERVISED
PT,18,1727.99780273,0.9599987792970001,ANIMATION,POSITIVE,REFUSED,SUPERVISED
PT,19,10.996805190999998,0.006109336217239999,MAINTAIN,POSITIVE,PASSIVE_ACCEPTED,AUTONOMOUS
PT,19,30.996795654299998,0.0172204420302,CHALLENGE,SYMPATHETIC,PASSIVE_ACCEPTED,AUTONOMOUS
PT,19,50.996757507299996,0.0283315319485,SYMPATHISE,SYMPATHETIC,PASSIVE_ACCEPTED,AUTONOMOUS
PT,19,70.9968338013,0.0394426854451,CHALLENGE,SYMPATHETIC,PASSIVE_ACCEPTED,AUTONOMOUS
PT,19,90.9967956543,0.050553775363499996,PRAISE,POSITIVE,PASSIVE_ACCEPTED,AUTONOMOUS
PT,19,110.996772766,0.061664873759000004,PRAISE,POSITIVE,PASSIVE_ACCEPTED,AUTONOMOUS
PT,19,130.996841431,0.072776023017,PRAISE,POSITIVE,PASSIVE_ACCEPTED,AUTONOMOUS
PT,19,150.996765137,0.08388709174259999,PRAISE,POSITIVE,PASSIVE_ACCEPTED,AUTONOMOUS
PT,19,170.99688720700001,0.09499827067060002,PRAISE,POSITIVE,PASSIVE_ACCEPTED,AUTONOMOUS
PT,19,190.99684143099998,0.10610935635,PRAISE,POSITIVE,PASSIVE_ACCEPTED,AUTONOMOUS
PT,19,210.995986938,0.117219992744,PRAISE,POSITIVE,PASSIVE_ACCEPTED,AUTONOMOUS
PT,19,230.99589538599997,0.128331052992,PRAISE,POSITIVE,PASSIVE_ACCEPTED,AUTONOMOUS
PT,19,250.996246338,0.139442359077,PRAISE,POSITIVE,PASSIVE_ACCEPTED,AUTONOMOUS
PT,19,270.996490479,0.150553605821,MAINTAIN,POSITIVE,PASSIVE_ACCEPTED,AUTONOMOUS
PT,19,290.996765137,0.16166486952,MAINTAIN,POSITIVE,PASSIVE_ACCEPTED,AUTONOMOUS
PT,19,310.996826172,0.17277601454,MAINTAIN,POSITIVE,PASSIVE_ACCEPTED,AUTONOMOUS
PT,19,330.99679565400004,0.183887108697,MAINTAIN,POSITIVE,PASSIVE_ACCEPTED,AUTONOMOUS
PT,19,350.99676513699995,0.194998202854,MAINTAIN,POSITIVE,PASSIVE_ACCEPTED,AUTONOMOUS
PT,19,370.996002197,0.20610889011,TIME,POSITIVE,PASSIVE_ACCEPTED,AUTONOMOUS
PT,19,390.996154785,0.217220085992,TIME,POSITIVE,PASSIVE_ACCEPTED,AUTONOMOUS
PT,19,410.996032715,0.228331129286,TIME,POSITIVE,PASSIVE_ACCEPTED,AUTONOMOUS
PT,19,430.99682617199994,0.23944268120700002,TIME,POSITIVE,PASSIVE_ACCEPTED,AUTONOMOUS
PT,19,450.99597168,0.2505533176,TIME,POSITIVE,PASSIVE_ACCEPTED,AUTONOMOUS
PT,19,470.99588012699996,0.261664377848,TIME,POSITIVE,PASSIVE_ACCEPTED,AUTONOMOUS
PT,19,490.996643066,0.272775912815,TIME,POSITIVE,PASSIVE_ACCEPTED,AUTONOMOUS
PT,19,510.99679565400004,0.283887108697,PRAISE,POSITIVE,PASSIVE_ACCEPTED,AUTONOMOUS
PT,19,530.996765137,0.29499820285399997,PRAISE,SYMPATHETIC,PASSIVE_ACCEPTED,AUTONOMOUS
PT,19,550.996765137,0.30610931396499996,PRAISE,POSITIVE,PASSIVE_ACCEPTED,AUTONOMOUS
PT,19,570.996765137,0.31722042507599996,PRAISE,SYMPATHETIC,PASSIVE_ACCEPTED,AUTONOMOUS
PT,19,590.9968261719999,0.328331570095,PRAISE,SYMPATHETIC,PASSIVE_ACCEPTED,AUTONOMOUS
PT,19,610.996765137,0.339442647298,PRAISE,POSITIVE,PASSIVE_ACCEPTED,AUTONOMOUS
PT,19,630.996765137,0.35055375840899994,PRAISE,SYMPATHETIC,PASSIVE_ACCEPTED,AUTONOMOUS
PT,19,650.996765137,0.36166486952,PRAISE,SYMPATHETIC,PASSIVE_ACCEPTED,AUTONOMOUS
PT,19,670.996765137,0.37277598063199996,SYMPATHISE,SYMPATHETIC,PASSIVE_ACCEPTED,AUTONOMOUS
PT,19,690.996765137,0.383887091743,CHALLENGE,SYMPATHETIC,PASSIVE_ACCEPTED,AUTONOMOUS
PT,19,710.9968261719999,0.394998236762,CHALLENGE,SYMPATHETIC,PASSIVE_ACCEPTED,AUTONOMOUS
PT,19,730.996765137,0.406109313965,CHALLENGE,SYMPATHETIC,PASSIVE_ACCEPTED,AUTONOMOUS
PT,19,750.9968261719999,0.417220458984,CHALLENGE,SYMPATHETIC,PASSIVE_ACCEPTED,AUTONOMOUS
PT,19,771.99597168,0.428886650933,CHALLENGE,SYMPATHETIC,PASSIVE_ACCEPTED,AUTONOMOUS
PT,19,791.9968261719999,0.439998236762,SYMPATHISE,SYMPATHETIC,PASSIVE_ACCEPTED,AUTONOMOUS
PT,19,811.996765137,0.451109313965,SYMPATHISE,SYMPATHETIC,PASSIVE_ACCEPTED,AUTONOMOUS
PT,19,831.996765137,0.46222042507600003,SYMPATHISE,SYMPATHETIC,PASSIVE_ACCEPTED,AUTONOMOUS
PT,19,851.996765137,0.47333153618699997,SYMPATHISE,SYMPATHETIC,PASSIVE_ACCEPTED,AUTONOMOUS
PT,19,871.9963989260001,0.484442443848,SYMPATHISE,SYMPATHETIC,PASSIVE_ACCEPTED,AUTONOMOUS
PT,19,891.9968261719999,0.49555379231799995,SYMPATHISE,SYMPATHETIC,PASSIVE_ACCEPTED,AUTONOMOUS
PT,19,911.997009277,0.506665005154,MAINTAIN,POSITIVE,PASSIVE_ACCEPTED,AUTONOMOUS
PT,19,931.996765137,0.5177759806319999,MAINTAIN,POSITIVE,PASSIVE_ACCEPTED,AUTONOMOUS
PT,19,951.996765137,0.528887091743,MAINTAIN,POSITIVE,PASSIVE_ACCEPTED,AUTONOMOUS
PT,19,971.9968261719999,0.539998236762,PRAISE,POSITIVE,PASSIVE_ACCEPTED,AUTONOMOUS
PT,19,991.9968261719999,0.551109347873,PRAISE,POSITIVE,PASSIVE_ACCEPTED,AUTONOMOUS
PT,19,1011.99682617,0.562220458984,PRAISE,POSITIVE,PASSIVE_ACCEPTED,AUTONOMOUS
PT,19,1031.9967041000002,0.573331502279,PRAISE,POSITIVE,PASSIVE_ACCEPTED,AUTONOMOUS
PT,19,1051.9967041000002,0.5844426133899999,PRAISE,POSITIVE,PASSIVE_ACCEPTED,AUTONOMOUS
PT,19,1071.9967041000002,0.595553724501,PRAISE,POSITIVE,PASSIVE_ACCEPTED,AUTONOMOUS
PT,19,1091.99682617,0.606664903429,TIME,POSITIVE,PASSIVE_ACCEPTED,AUTONOMOUS
PT,19,1111.99682617,0.61777601454,TIME,POSITIVE,PASSIVE_ACCEPTED,AUTONOMOUS
PT,19,1131.99682617,0.628887125651,TIME,POSITIVE,PASSIVE_ACCEPTED,AUTONOMOUS
PT,19,1151.99682617,0.6399982367620001,TIME,POSITIVE,PASSIVE_ACCEPTED,AUTONOMOUS
PT,19,1171.99645996,0.6511091444229999,TIME,POSITIVE,PASSIVE_ACCEPTED,AUTONOMOUS
PT,19,1191.99682617,0.6622204589840001,TIME,POSITIVE,PASSIVE_ACCEPTED,AUTONOMOUS
PT,19,1211.99682617,0.673331570095,TIME,POSITIVE,PASSIVE_ACCEPTED,AUTONOMOUS
PT,19,1231.99633789,0.684442409939,TIME,POSITIVE,PASSIVE_ACCEPTED,AUTONOMOUS
PT,19,1251.99682617,0.6955537923180001,TIME,POSITIVE,PASSIVE_ACCEPTED,AUTONOMOUS
PT,19,1271.99597168,0.7066644287109999,TIME,POSITIVE,PASSIVE_ACCEPTED,AUTONOMOUS
PT,19,1291.99682617,0.71777601454,TIME,POSITIVE,PASSIVE_ACCEPTED,AUTONOMOUS
PT,19,1311.99682617,0.728887125651,TIME,POSITIVE,PASSIVE_ACCEPTED,AUTONOMOUS
PT,19,1331.9967041,0.739998168945,TIME,POSITIVE,PASSIVE_ACCEPTED,AUTONOMOUS
PT,19,1351.9967041,0.7511092800560001,TIME,POSITIVE,PASSIVE_ACCEPTED,AUTONOMOUS
PT,19,1371.9967041,0.762220391168,TIME,POSITIVE,PASSIVE_ACCEPTED,AUTONOMOUS
PT,19,1391.99682617,0.773331570095,TIME,POSITIVE,PASSIVE_ACCEPTED,AUTONOMOUS
PT,19,1411.99682617,0.784442681207,TIME,POSITIVE,PASSIVE_ACCEPTED,AUTONOMOUS
PT,19,1431.99682617,0.795553792318,TIME,POSITIVE,PASSIVE_ACCEPTED,AUTONOMOUS
PT,19,1451.99682617,0.8066649034289999,TIME,POSITIVE,PASSIVE_ACCEPTED,AUTONOMOUS
PT,19,1471.99682617,0.8177760145399999,TIME,POSITIVE,PASSIVE_ACCEPTED,AUTONOMOUS
PT,19,1491.99682617,0.828887125651,TIME,POSITIVE,PASSIVE_ACCEPTED,AUTONOMOUS
PT,19,1502.99694824,0.834998304579,WALK,POSITIVE,PASSIVE_ACCEPTED,AUTONOMOUS
PT,19,1523.99682617,0.8466649034289999,ANIMATION,POSITIVE,PASSIVE_ACCEPTED,AUTONOMOUS
PT,19,1543.9967041,0.857775946723,ANIMATION,POSITIVE,PASSIVE_ACCEPTED,AUTONOMOUS
PT,19,1563.99682617,0.868887125651,ANIMATION,POSITIVE,PASSIVE_ACCEPTED,AUTONOMOUS
PT,19,1583.99682617,0.8799982367620001,ANIMATION,POSITIVE,PASSIVE_ACCEPTED,AUTONOMOUS
PT,19,1603.9967041,0.8911092800560001,ANIMATION,POSITIVE,PASSIVE_ACCEPTED,AUTONOMOUS
PT,19,1623.99682617,0.9022204589839999,ANIMATION,POSITIVE,PASSIVE_ACCEPTED,AUTONOMOUS
PT,19,1643.99682617,0.913331570095,ANIMATION,POSITIVE,PASSIVE_ACCEPTED,AUTONOMOUS
PT,19,1663.9967041,0.92444261339,ANIMATION,POSITIVE,PASSIVE_ACCEPTED,AUTONOMOUS
PT,19,1683.99682617,0.9355537923180001,ANIMATION,POSITIVE,PASSIVE_ACCEPTED,AUTONOMOUS
PT,19,1703.99682617,0.9466649034289999,ANIMATION,POSITIVE,PASSIVE_ACCEPTED,AUTONOMOUS
PT,19,1723.99682617,0.9577760145399999,ANIMATION,POSITIVE,PASSIVE_ACCEPTED,AUTONOMOUS
PT,19,1743.9967040999998,0.968887057834,ANIMATION,POSITIVE,PASSIVE_ACCEPTED,AUTONOMOUS
PT,19,1763.99658203,0.979998101128,ANIMATION,POSITIVE,PASSIVE_ACCEPTED,AUTONOMOUS
PT,19,1783.99682617,0.9911093478730001,CHALLENGE,CHALLENGING,PASSIVE_ACCEPTED,AUTONOMOUS
PT,20,10.9982118607,0.006110117700359999,MAINTAIN,POSITIVE,PASSIVE_ACCEPTED,AUTONOMOUS
PT,20,50.9982719421,0.0283323733012,SYMPATHISE,SYMPATHETIC,PASSIVE_ACCEPTED,AUTONOMOUS
PT,20,90.99822998049999,0.0505545722114,CHALLENGE,SYMPATHETIC,PASSIVE_ACCEPTED,AUTONOMOUS
PT,20,130.997512817,0.0727763960097,PRAISE,POSITIVE,PASSIVE_ACCEPTED,AUTONOMOUS
PT,20,170.99818420399998,0.09499899122449999,PRAISE,POSITIVE,PASSIVE_ACCEPTED,AUTONOMOUS
PT,20,210.998184204,0.117221213447,PRAISE,POSITIVE,PASSIVE_ACCEPTED,AUTONOMOUS
PT,20,250.99822998,0.1394434611,PRAISE,POSITIVE,PASSIVE_ACCEPTED,AUTONOMOUS
PT,20,290.99822998,0.16166568332200001,MAINTAIN,POSITIVE,PASSIVE_ACCEPTED,AUTONOMOUS
PT,20,330.99822998,0.18388790554499998,MAINTAIN,POSITIVE,PASSIVE_ACCEPTED,AUTONOMOUS
PT,20,370.99822998,0.20611012776700002,TIME,POSITIVE,PASSIVE_ACCEPTED,AUTONOMOUS
PT,20,410.998168945,0.22833231608100002,TIME,POSITIVE,PASSIVE_ACCEPTED,AUTONOMOUS
PT,20,450.99819946300005,0.250554555257,CHALLENGE,CHALLENGING,PASSIVE_ACCEPTED,AUTONOMOUS
PT,20,490.99819946300005,0.27277677747900003,PRAISE,POSITIVE,PASSIVE_ACCEPTED,AUTONOMOUS
PT,20,530.998168945,0.294998982747,PRAISE,POSITIVE,PASSIVE_ACCEPTED,AUTONOMOUS
PT,20,570.99822998,0.317221238878,PRAISE,SYMPATHETIC,PASSIVE_ACCEPTED,AUTONOMOUS
PT,20,610.998168945,0.339443427192,PRAISE,SYMPATHETIC,PASSIVE_ACCEPTED,AUTONOMOUS
PT,20,650.99810791,0.361665615506,PRAISE,SYMPATHETIC,PASSIVE_ACCEPTED,AUTONOMOUS
PT,20,690.99822998,0.38388790554499996,PRAISE,POSITIVE,PASSIVE_ACCEPTED,AUTONOMOUS
PT,20,730.998168945,0.406110093859,CHALLENGE,SYMPATHETIC,PASSIVE_ACCEPTED,AUTONOMOUS
PT,20,770.99822998,0.42833234998899994,SYMPATHISE,SYMPATHETIC,PASSIVE_ACCEPTED,AUTONOMOUS
PT,20,810.998168945,0.450554538303,CHALLENGE,SYMPATHETIC,PASSIVE_ACCEPTED,AUTONOMOUS
PT,20,850.997924805,0.47277662489100003,CHALLENGE,SYMPATHETIC,PASSIVE_ACCEPTED,AUTONOMOUS
PT,20,890.998168945,0.494998982747,CHALLENGE,SYMPATHETIC,PASSIVE_ACCEPTED,AUTONOMOUS
PT,20,930.998168945,0.51722120497,SYMPATHISE,SYMPATHETIC,PASSIVE_ACCEPTED,AUTONOMOUS
PT,20,970.998291016,0.539443495009,MAINTAIN,POSITIVE,PASSIVE_ACCEPTED,AUTONOMOUS
PT,20,1010.99780273,0.561665445964,PRAISE,POSITIVE,PASSIVE_ACCEPTED,AUTONOMOUS
PT,20,1050.99816895,0.583887871636,PRAISE,POSITIVE,PASSIVE_ACCEPTED,AUTONOMOUS
PT,20,1090.99816895,0.6061100938589999,TIME,POSITIVE,PASSIVE_ACCEPTED,AUTONOMOUS
PT,20,1130.99816895,0.6283323160809999,TIME,POSITIVE,PASSIVE_ACCEPTED,AUTONOMOUS
PT,20,1170.99816895,0.650554538303,CHECKPRE,SYMPATHETIC,PASSIVE_ACCEPTED,AUTONOMOUS
PT,20,1210.99731445,0.672776285807,CHALLENGE,SYMPATHETIC,PASSIVE_ACCEPTED,AUTONOMOUS
PT,20,1250.99816895,0.694998982747,CHECKPRE,SYMPATHETIC,PASSIVE_ACCEPTED,AUTONOMOUS
PT,20,1290.9979248,0.7172210693359999,TIME,POSITIVE,PASSIVE_ACCEPTED,AUTONOMOUS
PT,20,1330.99816895,0.739443427192,TIME,POSITIVE,PASSIVE_ACCEPTED,AUTONOMOUS
PT,20,1370.99804688,0.761665581597,CHALLENGE,CHALLENGING,PASSIVE_ACCEPTED,AUTONOMOUS
PT,20,1410.99816895,0.7838878716359999,TIME,POSITIVE,PASSIVE_ACCEPTED,AUTONOMOUS
PT,20,1450.99816895,0.806110093859,CHALLENGE,CHALLENGING,PASSIVE_ACCEPTED,AUTONOMOUS
PT,20,1490.99816895,0.828332316081,TIME,POSITIVE,PASSIVE_ACCEPTED,AUTONOMOUS
PT,20,1501.99816895,0.834443427192,WALK,POSITIVE,PASSIVE_ACCEPTED,AUTONOMOUS
PT,20,1541.99816895,0.856665649414,ANIMATION,POSITIVE,PASSIVE_ACCEPTED,AUTONOMOUS
PT,20,1581.99816895,0.878887871636,ANIMATION,POSITIVE,PASSIVE_ACCEPTED,AUTONOMOUS
PT,20,1621.99816895,0.9011100938590001,ANIMATION,POSITIVE,PASSIVE_ACCEPTED,AUTONOMOUS
PT,20,1661.99816895,0.923332316081,ANIMATION,POSITIVE,PASSIVE_ACCEPTED,AUTONOMOUS
PT,20,1702.99816895,0.946110093859,ANIMATION,POSITIVE,PASSIVE_ACCEPTED,AUTONOMOUS
PT,20,1742.99816895,0.968332316081,ANIMATION,POSITIVE,PASSIVE_ACCEPTED,AUTONOMOUS
PT,20,1782.99816895,0.990554538303,ANIMATION,POSITIVE,PASSIVE_ACCEPTED,AUTONOMOUS
PT,22,10.9959373474,0.005553503710810001,MAINTAIN,POSITIVE,PASSIVE_ACCEPTED,AUTONOMOUS
PT,22,50.9964981079,0.025755807125200002,SYMPATHISE,SYMPATHETIC,PASSIVE_ACCEPTED,AUTONOMOUS
PT,22,90.9962081909,0.0459576809045,PRAISE,POSITIVE,PASSIVE_ACCEPTED,AUTONOMOUS
PT,22,130.996276855,0.0661597357856,PRAISE,POSITIVE,PASSIVE_ACCEPTED,AUTONOMOUS
PT,22,170.99609375,0.08636166351010001,PRAISE,POSITIVE,PASSIVE_ACCEPTED,AUTONOMOUS
PT,22,210.99630737299998,0.106563791603,PRAISE,POSITIVE,PASSIVE_ACCEPTED,AUTONOMOUS
PT,22,250.996185303,0.126765750153,PRAISE,POSITIVE,PASSIVE_ACCEPTED,AUTONOMOUS
PT,22,290.995758057,0.146967554574,PRAISE,POSITIVE,PASSIVE_ACCEPTED,AUTONOMOUS
PT,22,330.996185303,0.16716979055700001,MAINTAIN,POSITIVE,PASSIVE_ACCEPTED,AUTONOMOUS
PT,22,370.996276855,0.187371856998,PRAISE,SYMPATHETIC,PASSIVE_ACCEPTED,AUTONOMOUS
PT,22,410.996154785,0.207573815548,TIME,POSITIVE,PASSIVE_ACCEPTED,AUTONOMOUS
PT,22,450.996032715,0.227775774098,TIME,POSITIVE,PASSIVE_ACCEPTED,AUTONOMOUS
PT,22,490.99609375,0.247977825126,TIME,POSITIVE,PASSIVE_ACCEPTED,AUTONOMOUS
PT,22,530.996276855,0.268179937806,PRAISE,POSITIVE,PASSIVE_ACCEPTED,AUTONOMOUS
PT,22,570.996154785,0.28838189635600003,PRAISE,POSITIVE,PASSIVE_ACCEPTED,AUTONOMOUS
PT,22,610.99621582,0.308583947384,PRAISE,POSITIVE,PASSIVE_ACCEPTED,AUTONOMOUS
PT,22,650.995422363,0.32878556685,PRAISE,SYMPATHETIC,PASSIVE_ACCEPTED,AUTONOMOUS
PT,22,690.996276855,0.34898801861400003,PRAISE,SYMPATHETIC,PASSIVE_ACCEPTED,AUTONOMOUS
PT,22,730.996154785,0.369189977164,PRAISE,SYMPATHETIC,PASSIVE_ACCEPTED,AUTONOMOUS
PT,22,770.996337891,0.389392089844,CHALLENGE,SYMPATHETIC,PASSIVE_ACCEPTED,AUTONOMOUS
PT,22,810.99609375,0.409593986742,CHALLENGE,SYMPATHETIC,PASSIVE_ACCEPTED,AUTONOMOUS
PT,22,850.996337891,0.429796130248,SYMPATHISE,SYMPATHETIC,PASSIVE_ACCEPTED,AUTONOMOUS
PT,22,890.9952392580001,0.449997595585,PRAISE,POSITIVE,PASSIVE_ACCEPTED,AUTONOMOUS
PT,22,930.996276855,0.470200139826,CHALLENGE,SYMPATHETIC,PASSIVE_ACCEPTED,AUTONOMOUS
PT,22,970.995300293,0.490401666815,SYMPATHISE,SYMPATHETIC,PASSIVE_ACCEPTED,AUTONOMOUS
PT,22,1010.99633789,0.510604211056,SYMPATHISE,SYMPATHETIC,PASSIVE_ACCEPTED,AUTONOMOUS
PT,22,1050.99572754,0.530805923,PRAISE,POSITIVE,PASSIVE_ACCEPTED,AUTONOMOUS
PT,22,1090.99609375,0.5510081281570001,PRAISE,POSITIVE,PASSIVE_ACCEPTED,AUTONOMOUS
PT,22,1130.99621582,0.57121021001,PRAISE,POSITIVE,PASSIVE_ACCEPTED,AUTONOMOUS
PT,22,1170.99633789,0.591412291864,PRAISE,POSITIVE,PASSIVE_ACCEPTED,AUTONOMOUS
PT,22,1210.99621582,0.611614250414,PRAISE,POSITIVE,PASSIVE_ACCEPTED,AUTONOMOUS
PT,22,1250.99621582,0.631816270616,TIME,POSITIVE,PASSIVE_ACCEPTED,AUTONOMOUS
PT,22,1290.99536133,0.6520178592570001,TIME,POSITIVE,PASSIVE_ACCEPTED,AUTONOMOUS
PT,22,1330.99621582,0.67222031102,TIME,POSITIVE,PASSIVE_ACCEPTED,AUTONOMOUS
PT,22,1370.99584961,0.6924221462669999,TIME,POSITIVE,PASSIVE_ACCEPTED,AUTONOMOUS
PT,22,1410.99560547,0.7126240431659999,TIME,POSITIVE,PASSIVE_ACCEPTED,AUTONOMOUS
PT,22,1450.99572754,0.73282612502,TIME,POSITIVE,PASSIVE_ACCEPTED,AUTONOMOUS
PT,22,1490.99621582,0.753028391828,TIME,POSITIVE,PASSIVE_ACCEPTED,AUTONOMOUS
PT,22,1530.99609375,0.773230350379,TIME,POSITIVE,PASSIVE_ACCEPTED,AUTONOMOUS
PT,22,1570.99609375,0.793432370581,TIME,POSITIVE,PASSIVE_ACCEPTED,AUTONOMOUS
PT,22,1610.99621582,0.813634452435,TIME,POSITIVE,PASSIVE_ACCEPTED,AUTONOMOUS
PT,22,1650.99609375,0.8338364109849999,TIME,POSITIVE,PASSIVE_ACCEPTED,AUTONOMOUS
PT,22,1677.99609375,0.847472774621,WALK,POSITIVE,PASSIVE_ACCEPTED,AUTONOMOUS
PT,22,1717.99621582,0.867674856475,ANIMATION,POSITIVE,PASSIVE_ACCEPTED,AUTONOMOUS
PT,22,1757.99633789,0.887876938329,ANIMATION,POSITIVE,PASSIVE_ACCEPTED,AUTONOMOUS
PT,22,1797.99609375,0.908078835227,ANIMATION,POSITIVE,PASSIVE_ACCEPTED,AUTONOMOUS
PT,22,1837.99621582,0.928280917081,ANIMATION,POSITIVE,PASSIVE_ACCEPTED,AUTONOMOUS
PT,22,1877.99621582,0.948482937283,ANIMATION,POSITIVE,PASSIVE_ACCEPTED,AUTONOMOUS
PT,22,1917.99621582,0.968684957485,ANIMATION,POSITIVE,PASSIVE_ACCEPTED,AUTONOMOUS
PT,22,1957.99609375,0.9888869160349999,ANIMATION,POSITIVE,PASSIVE_ACCEPTED,AUTONOMOUS
